id,firstname,lastname,email,email2,profession,Field Name
100,Kamilah,Goerke,Kamilah.Goerke@yopmail.com,Kamilah.Goerke@gmail.com,police officer,1
101,Jennica,Nea,Jennica.Nea@yopmail.com,Jennica.Nea@gmail.com,developer,2
102,Trudie,Wandie,Trudie.Wandie@yopmail.com,Trudie.Wandie@gmail.com,worker,3
103,Amii,Levey,Amii.Levey@yopmail.com,Amii.Levey@gmail.com,developer,4
104,Sonni,Ephrem,Sonni.Ephrem@yopmail.com,Sonni.Ephrem@gmail.com,developer,5
105,Raf,Emmaline,Raf.Emmaline@yopmail.com,Raf.Emmaline@gmail.com,worker,6
106,Celisse,Anastatius,Celisse.Anastatius@yopmail.com,Celisse.Anastatius@gmail.com,police officer,7
107,Donnie,Tremayne,Donnie.Tremayne@yopmail.com,Donnie.Tremayne@gmail.com,doctor,8
108,Ulrike,Lanita,Ulrike.Lanita@yopmail.com,Ulrike.Lanita@gmail.com,doctor,9
109,Alie,Gualtiero,Alie.Gualtiero@yopmail.com,Alie.Gualtiero@gmail.com,firefighter,10
110,Wanda,Fink,Wanda.Fink@yopmail.com,Wanda.Fink@gmail.com,police officer,11
111,Lilith,Magdalen,Lilith.Magdalen@yopmail.com,Lilith.Magdalen@gmail.com,firefighter,12
112,Selma,Salvidor,Selma.Salvidor@yopmail.com,Selma.Salvidor@gmail.com,police officer,13
113,Emma,Roumell,Emma.Roumell@yopmail.com,Emma.Roumell@gmail.com,police officer,14
114,Tressa,Autrey,Tressa.Autrey@yopmail.com,Tressa.Autrey@gmail.com,doctor,15
115,Clo,Kare,Clo.Kare@yopmail.com,Clo.Kare@gmail.com,police officer,16
116,Tierney,Goddard,Tierney.Goddard@yopmail.com,Tierney.Goddard@gmail.com,developer,17
117,Renie,Ricarda,Renie.Ricarda@yopmail.com,Renie.Ricarda@gmail.com,worker,18
118,Bernie,Barrus,Bernie.Barrus@yopmail.com,Bernie.Barrus@gmail.com,police officer,19
119,Delilah,Odysseus,Delilah.Odysseus@yopmail.com,Delilah.Odysseus@gmail.com,firefighter,20
120,Evita,Santoro,Evita.Santoro@yopmail.com,Evita.Santoro@gmail.com,firefighter,21
121,Corly,Madaih,Corly.Madaih@yopmail.com,Corly.Madaih@gmail.com,doctor,22
122,Blondelle,Lewes,Blondelle.Lewes@yopmail.com,Blondelle.Lewes@gmail.com,police officer,23
123,Melina,Hachmin,Melina.Hachmin@yopmail.com,Melina.Hachmin@gmail.com,firefighter,24
124,Dulce,Libna,Dulce.Libna@yopmail.com,Dulce.Libna@gmail.com,police officer,25
125,Lynde,Lia,Lynde.Lia@yopmail.com,Lynde.Lia@gmail.com,worker,26
126,Collen,Carey,Collen.Carey@yopmail.com,Collen.Carey@gmail.com,worker,27
127,Cassandra,McCutcheon,Cassandra.McCutcheon@yopmail.com,Cassandra.McCutcheon@gmail.com,worker,28
128,Estell,Billye,Estell.Billye@yopmail.com,Estell.Billye@gmail.com,firefighter,29
129,Hannis,Diogenes,Hannis.Diogenes@yopmail.com,Hannis.Diogenes@gmail.com,worker,30
130,Imojean,Katrine,Imojean.Katrine@yopmail.com,Imojean.Katrine@gmail.com,developer,31
131,Dacia,Bigner,Dacia.Bigner@yopmail.com,Dacia.Bigner@gmail.com,doctor,32
132,Candi,Estella,Candi.Estella@yopmail.com,Candi.Estella@gmail.com,doctor,33
133,Ileana,Carleen,Ileana.Carleen@yopmail.com,Ileana.Carleen@gmail.com,doctor,34
134,Yvonne,Brian,Yvonne.Brian@yopmail.com,Yvonne.Brian@gmail.com,firefighter,35
135,Monika,Fabiola,Monika.Fabiola@yopmail.com,Monika.Fabiola@gmail.com,police officer,36
136,Agathe,Dearborn,Agathe.Dearborn@yopmail.com,Agathe.Dearborn@gmail.com,firefighter,37
137,Harrietta,Annabella,Harrietta.Annabella@yopmail.com,Harrietta.Annabella@gmail.com,police officer,38
138,Sharlene,Kenwood,Sharlene.Kenwood@yopmail.com,Sharlene.Kenwood@gmail.com,police officer,39
139,Kassey,Tyson,Kassey.Tyson@yopmail.com,Kassey.Tyson@gmail.com,doctor,40
140,Ethel,Kathie,Ethel.Kathie@yopmail.com,Ethel.Kathie@gmail.com,firefighter,41
141,Dotty,Stav,Dotty.Stav@yopmail.com,Dotty.Stav@gmail.com,firefighter,42
142,Gerianna,Bartlett,Gerianna.Bartlett@yopmail.com,Gerianna.Bartlett@gmail.com,doctor,43
143,Riannon,Mauer,Riannon.Mauer@yopmail.com,Riannon.Mauer@gmail.com,doctor,44
144,Alyda,Sawtelle,Alyda.Sawtelle@yopmail.com,Alyda.Sawtelle@gmail.com,worker,45
145,Jemie,Maroney,Jemie.Maroney@yopmail.com,Jemie.Maroney@gmail.com,firefighter,46
146,Damaris,Oneida,Damaris.Oneida@yopmail.com,Damaris.Oneida@gmail.com,firefighter,47
147,Fanny,Bahr,Fanny.Bahr@yopmail.com,Fanny.Bahr@gmail.com,firefighter,48
148,Lita,Arne,Lita.Arne@yopmail.com,Lita.Arne@gmail.com,police officer,49
149,Candi,Stoller,Candi.Stoller@yopmail.com,Candi.Stoller@gmail.com,worker,50
150,Oralee,Thar,Oralee.Thar@yopmail.com,Oralee.Thar@gmail.com,developer,51
151,Berta,Rogerio,Berta.Rogerio@yopmail.com,Berta.Rogerio@gmail.com,developer,52
152,Marika,Ciapas,Marika.Ciapas@yopmail.com,Marika.Ciapas@gmail.com,police officer,53
153,Amii,Aaberg,Amii.Aaberg@yopmail.com,Amii.Aaberg@gmail.com,worker,54
154,Queenie,An,Queenie.An@yopmail.com,Queenie.An@gmail.com,worker,55
155,Elise,Mallon,Elise.Mallon@yopmail.com,Elise.Mallon@gmail.com,worker,56
156,Dorene,Candy,Dorene.Candy@yopmail.com,Dorene.Candy@gmail.com,doctor,57
157,Kelly,Zrike,Kelly.Zrike@yopmail.com,Kelly.Zrike@gmail.com,doctor,58
158,Katuscha,Hubert,Katuscha.Hubert@yopmail.com,Katuscha.Hubert@gmail.com,police officer,59
159,Jere,Wandie,Jere.Wandie@yopmail.com,Jere.Wandie@gmail.com,developer,60
160,Noelle,Cleavland,Noelle.Cleavland@yopmail.com,Noelle.Cleavland@gmail.com,firefighter,61
161,Merrie,Arathorn,Merrie.Arathorn@yopmail.com,Merrie.Arathorn@gmail.com,doctor,62
162,Carmencita,Pettiford,Carmencita.Pettiford@yopmail.com,Carmencita.Pettiford@gmail.com,firefighter,63
163,Bernie,Anderea,Bernie.Anderea@yopmail.com,Bernie.Anderea@gmail.com,developer,64
164,Taffy,Alwin,Taffy.Alwin@yopmail.com,Taffy.Alwin@gmail.com,firefighter,65
165,Daune,Naashom,Daune.Naashom@yopmail.com,Daune.Naashom@gmail.com,worker,66
166,Halette,Ball,Halette.Ball@yopmail.com,Halette.Ball@gmail.com,police officer,67
167,Ira,Brandice,Ira.Brandice@yopmail.com,Ira.Brandice@gmail.com,firefighter,68
168,Odessa,Latini,Odessa.Latini@yopmail.com,Odessa.Latini@gmail.com,police officer,69
169,Carly,Shelba,Carly.Shelba@yopmail.com,Carly.Shelba@gmail.com,police officer,70
170,Joleen,Elbertina,Joleen.Elbertina@yopmail.com,Joleen.Elbertina@gmail.com,firefighter,71
171,Sherrie,Craggie,Sherrie.Craggie@yopmail.com,Sherrie.Craggie@gmail.com,developer,72
172,Concettina,Isidore,Concettina.Isidore@yopmail.com,Concettina.Isidore@gmail.com,developer,73
173,Mireielle,Septima,Mireielle.Septima@yopmail.com,Mireielle.Septima@gmail.com,worker,74
174,Tani,Tiffa,Tani.Tiffa@yopmail.com,Tani.Tiffa@gmail.com,worker,75
175,Carree,Thornburg,Carree.Thornburg@yopmail.com,Carree.Thornburg@gmail.com,worker,76
176,Deane,Darbie,Deane.Darbie@yopmail.com,Deane.Darbie@gmail.com,police officer,77
177,Dulcinea,Vale,Dulcinea.Vale@yopmail.com,Dulcinea.Vale@gmail.com,doctor,78
178,Gianina,Pip,Gianina.Pip@yopmail.com,Gianina.Pip@gmail.com,worker,79
179,Rori,Kauppi,Rori.Kauppi@yopmail.com,Rori.Kauppi@gmail.com,police officer,80
180,Minda,Guthrie,Minda.Guthrie@yopmail.com,Minda.Guthrie@gmail.com,doctor,81
181,Lisette,Remmer,Lisette.Remmer@yopmail.com,Lisette.Remmer@gmail.com,developer,82
182,Lory,Stoller,Lory.Stoller@yopmail.com,Lory.Stoller@gmail.com,firefighter,83
183,Xylina,Brunell,Xylina.Brunell@yopmail.com,Xylina.Brunell@gmail.com,worker,84
184,Marylou,Argus,Marylou.Argus@yopmail.com,Marylou.Argus@gmail.com,firefighter,85
185,Celisse,Wu,Celisse.Wu@yopmail.com,Celisse.Wu@gmail.com,firefighter,86
186,Eve,Felecia,Eve.Felecia@yopmail.com,Eve.Felecia@gmail.com,doctor,87
187,Shell,Schwejda,Shell.Schwejda@yopmail.com,Shell.Schwejda@gmail.com,worker,88
188,Bobinette,Larochelle,Bobinette.Larochelle@yopmail.com,Bobinette.Larochelle@gmail.com,worker,89
189,Albertina,Bergman,Albertina.Bergman@yopmail.com,Albertina.Bergman@gmail.com,firefighter,90
190,Trudie,Harriman,Trudie.Harriman@yopmail.com,Trudie.Harriman@gmail.com,firefighter,91
191,Leeanne,Keelia,Leeanne.Keelia@yopmail.com,Leeanne.Keelia@gmail.com,firefighter,92
192,Jsandye,Ahab,Jsandye.Ahab@yopmail.com,Jsandye.Ahab@gmail.com,developer,93
193,Esmeralda,Fadiman,Esmeralda.Fadiman@yopmail.com,Esmeralda.Fadiman@gmail.com,firefighter,94
194,Trudie,Etom,Trudie.Etom@yopmail.com,Trudie.Etom@gmail.com,doctor,95
195,Kirbee,O'Rourke,Kirbee.O'Rourke@yopmail.com,Kirbee.O'Rourke@gmail.com,doctor,96
196,Rosaline,Shuler,Rosaline.Shuler@yopmail.com,Rosaline.Shuler@gmail.com,doctor,97
197,Rani,Toffic,Rani.Toffic@yopmail.com,Rani.Toffic@gmail.com,firefighter,98
198,Emelina,Bari,Emelina.Bari@yopmail.com,Emelina.Bari@gmail.com,developer,99
199,Sheelagh,Danby,Sheelagh.Danby@yopmail.com,Sheelagh.Danby@gmail.com,doctor,100
200,Ayn,Lilas,Ayn.Lilas@yopmail.com,Ayn.Lilas@gmail.com,police officer,101
201,Jennica,Wesle,Jennica.Wesle@yopmail.com,Jennica.Wesle@gmail.com,developer,102
202,Randa,Kenney,Randa.Kenney@yopmail.com,Randa.Kenney@gmail.com,worker,103
203,Alex,Arquit,Alex.Arquit@yopmail.com,Alex.Arquit@gmail.com,police officer,104
204,Jackie,Dituri,Jackie.Dituri@yopmail.com,Jackie.Dituri@gmail.com,developer,105
205,Morganica,Trey,Morganica.Trey@yopmail.com,Morganica.Trey@gmail.com,worker,106
206,Adelle,Emmy,Adelle.Emmy@yopmail.com,Adelle.Emmy@gmail.com,doctor,107
207,Suzette,Ricarda,Suzette.Ricarda@yopmail.com,Suzette.Ricarda@gmail.com,doctor,108
208,Marguerite,Chandler,Marguerite.Chandler@yopmail.com,Marguerite.Chandler@gmail.com,doctor,109
209,Lulita,Stelle,Lulita.Stelle@yopmail.com,Lulita.Stelle@gmail.com,firefighter,110
210,Lucy,Haymes,Lucy.Haymes@yopmail.com,Lucy.Haymes@gmail.com,doctor,111
211,Allis,Giule,Allis.Giule@yopmail.com,Allis.Giule@gmail.com,worker,112
212,Elbertina,Herrera,Elbertina.Herrera@yopmail.com,Elbertina.Herrera@gmail.com,worker,113
213,Adele,Corrine,Adele.Corrine@yopmail.com,Adele.Corrine@gmail.com,firefighter,114
214,Tressa,Toni,Tressa.Toni@yopmail.com,Tressa.Toni@gmail.com,worker,115
215,Claudina,Laurianne,Claudina.Laurianne@yopmail.com,Claudina.Laurianne@gmail.com,firefighter,116
216,Sidoney,Kamaria,Sidoney.Kamaria@yopmail.com,Sidoney.Kamaria@gmail.com,firefighter,117
217,Cassandra,Rogerio,Cassandra.Rogerio@yopmail.com,Cassandra.Rogerio@gmail.com,worker,118
218,Claresta,Sheng,Claresta.Sheng@yopmail.com,Claresta.Sheng@gmail.com,worker,119
219,Mildrid,Capello,Mildrid.Capello@yopmail.com,Mildrid.Capello@gmail.com,developer,120
220,Etta,Himelman,Etta.Himelman@yopmail.com,Etta.Himelman@gmail.com,firefighter,121
221,Corina,Maryanne,Corina.Maryanne@yopmail.com,Corina.Maryanne@gmail.com,worker,122
222,Gloria,Toffic,Gloria.Toffic@yopmail.com,Gloria.Toffic@gmail.com,developer,123
223,Cassondra,Nedrud,Cassondra.Nedrud@yopmail.com,Cassondra.Nedrud@gmail.com,developer,124
224,Ira,Eugenia,Ira.Eugenia@yopmail.com,Ira.Eugenia@gmail.com,worker,125
225,Pamella,Payson,Pamella.Payson@yopmail.com,Pamella.Payson@gmail.com,worker,126
226,Ida,Mauer,Ida.Mauer@yopmail.com,Ida.Mauer@gmail.com,doctor,127
227,Karly,Clywd,Karly.Clywd@yopmail.com,Karly.Clywd@gmail.com,firefighter,128
228,Brynna,Avi,Brynna.Avi@yopmail.com,Brynna.Avi@gmail.com,doctor,129
229,Sashenka,Hoban,Sashenka.Hoban@yopmail.com,Sashenka.Hoban@gmail.com,police officer,130
230,Marguerite,Millda,Marguerite.Millda@yopmail.com,Marguerite.Millda@gmail.com,doctor,131
231,Justinn,Glenden,Justinn.Glenden@yopmail.com,Justinn.Glenden@gmail.com,doctor,132
232,Lindie,Berard,Lindie.Berard@yopmail.com,Lindie.Berard@gmail.com,worker,133
233,Jere,August,Jere.August@yopmail.com,Jere.August@gmail.com,developer,134
234,Iseabal,Cavan,Iseabal.Cavan@yopmail.com,Iseabal.Cavan@gmail.com,developer,135
235,Abbie,Amethist,Abbie.Amethist@yopmail.com,Abbie.Amethist@gmail.com,police officer,136
236,Concettina,Demitria,Concettina.Demitria@yopmail.com,Concettina.Demitria@gmail.com,developer,137
237,Florie,Bearnard,Florie.Bearnard@yopmail.com,Florie.Bearnard@gmail.com,firefighter,138
238,Elyssa,Forrer,Elyssa.Forrer@yopmail.com,Elyssa.Forrer@gmail.com,doctor,139
239,Gabi,Moseley,Gabi.Moseley@yopmail.com,Gabi.Moseley@gmail.com,doctor,140
240,Jere,Sadowski,Jere.Sadowski@yopmail.com,Jere.Sadowski@gmail.com,worker,141
241,Marita,Lemuela,Marita.Lemuela@yopmail.com,Marita.Lemuela@gmail.com,worker,142
242,Katuscha,Haerr,Katuscha.Haerr@yopmail.com,Katuscha.Haerr@gmail.com,developer,143
243,Dione,Guthrie,Dione.Guthrie@yopmail.com,Dione.Guthrie@gmail.com,firefighter,144
244,Alleen,Read,Alleen.Read@yopmail.com,Alleen.Read@gmail.com,firefighter,145
245,Renae,Longfellow,Renae.Longfellow@yopmail.com,Renae.Longfellow@gmail.com,developer,146
246,Brandise,Teryn,Brandise.Teryn@yopmail.com,Brandise.Teryn@gmail.com,police officer,147
247,Eadie,Lynn,Eadie.Lynn@yopmail.com,Eadie.Lynn@gmail.com,developer,148
248,Annora,Berl,Annora.Berl@yopmail.com,Annora.Berl@gmail.com,police officer,149
249,Monika,Reinke,Monika.Reinke@yopmail.com,Monika.Reinke@gmail.com,police officer,150
250,Tonia,Eckblad,Tonia.Eckblad@yopmail.com,Tonia.Eckblad@gmail.com,developer,151
251,Tina,Center,Tina.Center@yopmail.com,Tina.Center@gmail.com,developer,152
252,Daryl,Nelsen,Daryl.Nelsen@yopmail.com,Daryl.Nelsen@gmail.com,doctor,153
253,Wilma,Eliathas,Wilma.Eliathas@yopmail.com,Wilma.Eliathas@gmail.com,doctor,154
254,Allyce,McClimans,Allyce.McClimans@yopmail.com,Allyce.McClimans@gmail.com,worker,155
255,Ardenia,Chapland,Ardenia.Chapland@yopmail.com,Ardenia.Chapland@gmail.com,doctor,156
256,Siana,Gladstone,Siana.Gladstone@yopmail.com,Siana.Gladstone@gmail.com,firefighter,157
257,Vere,Ortrude,Vere.Ortrude@yopmail.com,Vere.Ortrude@gmail.com,developer,158
258,Ericka,McCutcheon,Ericka.McCutcheon@yopmail.com,Ericka.McCutcheon@gmail.com,developer,159
259,Mildrid,Maryanne,Mildrid.Maryanne@yopmail.com,Mildrid.Maryanne@gmail.com,police officer,160
260,Gui,Cleo,Gui.Cleo@yopmail.com,Gui.Cleo@gmail.com,firefighter,161
261,Tarra,Goerke,Tarra.Goerke@yopmail.com,Tarra.Goerke@gmail.com,police officer,162
262,Lorie,Suk,Lorie.Suk@yopmail.com,Lorie.Suk@gmail.com,developer,163
263,Aigneis,Pelagias,Aigneis.Pelagias@yopmail.com,Aigneis.Pelagias@gmail.com,firefighter,164
264,Gretal,Elisha,Gretal.Elisha@yopmail.com,Gretal.Elisha@gmail.com,developer,165
265,Johna,Amand,Johna.Amand@yopmail.com,Johna.Amand@gmail.com,firefighter,166
266,Morganica,Palocz,Morganica.Palocz@yopmail.com,Morganica.Palocz@gmail.com,firefighter,167
267,Taffy,Buckler,Taffy.Buckler@yopmail.com,Taffy.Buckler@gmail.com,police officer,168
268,Myrtice,Hieronymus,Myrtice.Hieronymus@yopmail.com,Myrtice.Hieronymus@gmail.com,developer,169
269,Katharina,Zenas,Katharina.Zenas@yopmail.com,Katharina.Zenas@gmail.com,police officer,170
270,Sheelagh,Imelida,Sheelagh.Imelida@yopmail.com,Sheelagh.Imelida@gmail.com,worker,171
271,Demetris,Germann,Demetris.Germann@yopmail.com,Demetris.Germann@gmail.com,firefighter,172
272,Elka,Bivins,Elka.Bivins@yopmail.com,Elka.Bivins@gmail.com,developer,173
273,Dulcinea,Concha,Dulcinea.Concha@yopmail.com,Dulcinea.Concha@gmail.com,developer,174
274,Florencia,Berard,Florencia.Berard@yopmail.com,Florencia.Berard@gmail.com,developer,175
275,Iseabal,Vastah,Iseabal.Vastah@yopmail.com,Iseabal.Vastah@gmail.com,firefighter,176
276,Marjie,Zrike,Marjie.Zrike@yopmail.com,Marjie.Zrike@gmail.com,doctor,177
277,Monika,Meli,Monika.Meli@yopmail.com,Monika.Meli@gmail.com,police officer,178
278,Harrietta,Fulmer,Harrietta.Fulmer@yopmail.com,Harrietta.Fulmer@gmail.com,firefighter,179
279,Yolane,Edison,Yolane.Edison@yopmail.com,Yolane.Edison@gmail.com,police officer,180
280,Tracey,Bergman,Tracey.Bergman@yopmail.com,Tracey.Bergman@gmail.com,developer,181
281,Dorene,Anselmi,Dorene.Anselmi@yopmail.com,Dorene.Anselmi@gmail.com,police officer,182
282,Cordi,Edvard,Cordi.Edvard@yopmail.com,Cordi.Edvard@gmail.com,firefighter,183
283,Almeta,Cassius,Almeta.Cassius@yopmail.com,Almeta.Cassius@gmail.com,doctor,184
284,Edith,Heisel,Edith.Heisel@yopmail.com,Edith.Heisel@gmail.com,doctor,185
285,Lesly,Jenness,Lesly.Jenness@yopmail.com,Lesly.Jenness@gmail.com,police officer,186
286,Jaime,Bahr,Jaime.Bahr@yopmail.com,Jaime.Bahr@gmail.com,developer,187
287,Maurene,Haldas,Maurene.Haldas@yopmail.com,Maurene.Haldas@gmail.com,firefighter,188
288,Rosabelle,Therine,Rosabelle.Therine@yopmail.com,Rosabelle.Therine@gmail.com,police officer,189
289,Maye,Melony,Maye.Melony@yopmail.com,Maye.Melony@gmail.com,doctor,190
290,Kristan,Crudden,Kristan.Crudden@yopmail.com,Kristan.Crudden@gmail.com,firefighter,191
291,Belva,Israeli,Belva.Israeli@yopmail.com,Belva.Israeli@gmail.com,police officer,192
292,Althea,Cookie,Althea.Cookie@yopmail.com,Althea.Cookie@gmail.com,doctor,193
293,Brandise,Pulsifer,Brandise.Pulsifer@yopmail.com,Brandise.Pulsifer@gmail.com,doctor,194
294,Catharine,Riordan,Catharine.Riordan@yopmail.com,Catharine.Riordan@gmail.com,doctor,195
295,Dulcinea,Zola,Dulcinea.Zola@yopmail.com,Dulcinea.Zola@gmail.com,worker,196
296,Joy,Jaylene,Joy.Jaylene@yopmail.com,Joy.Jaylene@gmail.com,police officer,197
297,Sheelagh,Alice,Sheelagh.Alice@yopmail.com,Sheelagh.Alice@gmail.com,doctor,198
298,Marleah,Justinn,Marleah.Justinn@yopmail.com,Marleah.Justinn@gmail.com,firefighter,199
299,Madalyn,Seligman,Madalyn.Seligman@yopmail.com,Madalyn.Seligman@gmail.com,police officer,200
300,Riannon,Halla,Riannon.Halla@yopmail.com,Riannon.Halla@gmail.com,doctor,201
301,Elora,McClimans,Elora.McClimans@yopmail.com,Elora.McClimans@gmail.com,developer,202
302,Bernie,Sabella,Bernie.Sabella@yopmail.com,Bernie.Sabella@gmail.com,police officer,203
303,Viviene,Zuzana,Viviene.Zuzana@yopmail.com,Viviene.Zuzana@gmail.com,firefighter,204
304,Lory,Garek,Lory.Garek@yopmail.com,Lory.Garek@gmail.com,doctor,205
305,Farrah,Azeria,Farrah.Azeria@yopmail.com,Farrah.Azeria@gmail.com,police officer,206
306,Dominga,Trace,Dominga.Trace@yopmail.com,Dominga.Trace@gmail.com,developer,207
307,Giustina,Pillsbury,Giustina.Pillsbury@yopmail.com,Giustina.Pillsbury@gmail.com,developer,208
308,Estell,Buffum,Estell.Buffum@yopmail.com,Estell.Buffum@gmail.com,firefighter,209
309,Elora,Othilia,Elora.Othilia@yopmail.com,Elora.Othilia@gmail.com,firefighter,210
310,Cathyleen,Adalbert,Cathyleen.Adalbert@yopmail.com,Cathyleen.Adalbert@gmail.com,firefighter,211
311,Celene,Gaynor,Celene.Gaynor@yopmail.com,Celene.Gaynor@gmail.com,developer,212
312,Cassondra,Papageno,Cassondra.Papageno@yopmail.com,Cassondra.Papageno@gmail.com,developer,213
313,Bobbi,Jess,Bobbi.Jess@yopmail.com,Bobbi.Jess@gmail.com,developer,214
314,Maridel,Ethban,Maridel.Ethban@yopmail.com,Maridel.Ethban@gmail.com,developer,215
315,Constance,Edmund,Constance.Edmund@yopmail.com,Constance.Edmund@gmail.com,developer,216
316,Angelique,Vanni,Angelique.Vanni@yopmail.com,Angelique.Vanni@gmail.com,doctor,217
317,Blinni,Aurelio,Blinni.Aurelio@yopmail.com,Blinni.Aurelio@gmail.com,firefighter,218
318,Sabina,Ajay,Sabina.Ajay@yopmail.com,Sabina.Ajay@gmail.com,firefighter,219
319,Gisela,Suanne,Gisela.Suanne@yopmail.com,Gisela.Suanne@gmail.com,doctor,220
320,Gianina,Tamar,Gianina.Tamar@yopmail.com,Gianina.Tamar@gmail.com,firefighter,221
321,Gilligan,Mintz,Gilligan.Mintz@yopmail.com,Gilligan.Mintz@gmail.com,worker,222
322,Binny,Maiah,Binny.Maiah@yopmail.com,Binny.Maiah@gmail.com,firefighter,223
323,Karlee,Pandolfi,Karlee.Pandolfi@yopmail.com,Karlee.Pandolfi@gmail.com,worker,224
324,Gloria,Estella,Gloria.Estella@yopmail.com,Gloria.Estella@gmail.com,police officer,225
325,Dari,Heidt,Dari.Heidt@yopmail.com,Dari.Heidt@gmail.com,police officer,226
326,Cristine,Breed,Cristine.Breed@yopmail.com,Cristine.Breed@gmail.com,worker,227
327,Carmela,Margarete,Carmela.Margarete@yopmail.com,Carmela.Margarete@gmail.com,worker,228
328,Amara,Borrell,Amara.Borrell@yopmail.com,Amara.Borrell@gmail.com,developer,229
329,Regina,Vernier,Regina.Vernier@yopmail.com,Regina.Vernier@gmail.com,developer,230
330,Shannah,Harl,Shannah.Harl@yopmail.com,Shannah.Harl@gmail.com,police officer,231
331,Jan,Karl,Jan.Karl@yopmail.com,Jan.Karl@gmail.com,doctor,232
332,Dorice,Shama,Dorice.Shama@yopmail.com,Dorice.Shama@gmail.com,worker,233
333,Addia,Reinke,Addia.Reinke@yopmail.com,Addia.Reinke@gmail.com,worker,234
334,Neila,My,Neila.My@yopmail.com,Neila.My@gmail.com,police officer,235
335,Bobbi,Whiffen,Bobbi.Whiffen@yopmail.com,Bobbi.Whiffen@gmail.com,developer,236
336,Aaren,Amand,Aaren.Amand@yopmail.com,Aaren.Amand@gmail.com,firefighter,237
337,Randa,Schlosser,Randa.Schlosser@yopmail.com,Randa.Schlosser@gmail.com,developer,238
338,Margarette,Fontana,Margarette.Fontana@yopmail.com,Margarette.Fontana@gmail.com,firefighter,239
339,Pamella,Sadowski,Pamella.Sadowski@yopmail.com,Pamella.Sadowski@gmail.com,police officer,240
340,Caryl,Carri,Caryl.Carri@yopmail.com,Caryl.Carri@gmail.com,doctor,241
341,Dode,Thornburg,Dode.Thornburg@yopmail.com,Dode.Thornburg@gmail.com,doctor,242
342,Cristabel,Camden,Cristabel.Camden@yopmail.com,Cristabel.Camden@gmail.com,worker,243
343,Kary,Henrie,Kary.Henrie@yopmail.com,Kary.Henrie@gmail.com,doctor,244
344,Aaren,Lia,Aaren.Lia@yopmail.com,Aaren.Lia@gmail.com,worker,245
345,Lisette,Alice,Lisette.Alice@yopmail.com,Lisette.Alice@gmail.com,developer,246
346,Jackie,Monaco,Jackie.Monaco@yopmail.com,Jackie.Monaco@gmail.com,firefighter,247
347,Winny,Gilbertson,Winny.Gilbertson@yopmail.com,Winny.Gilbertson@gmail.com,worker,248
348,Ottilie,Eckblad,Ottilie.Eckblad@yopmail.com,Ottilie.Eckblad@gmail.com,developer,249
349,Jemie,Dawkins,Jemie.Dawkins@yopmail.com,Jemie.Dawkins@gmail.com,doctor,250
350,Frances,Rocray,Frances.Rocray@yopmail.com,Frances.Rocray@gmail.com,firefighter,251
351,Fred,Merell,Fred.Merell@yopmail.com,Fred.Merell@gmail.com,worker,252
352,Joceline,Terencio,Joceline.Terencio@yopmail.com,Joceline.Terencio@gmail.com,doctor,253
353,Celestyna,Callista,Celestyna.Callista@yopmail.com,Celestyna.Callista@gmail.com,firefighter,254
354,Rozele,Tippets,Rozele.Tippets@yopmail.com,Rozele.Tippets@gmail.com,police officer,255
355,Latisha,Lymann,Latisha.Lymann@yopmail.com,Latisha.Lymann@gmail.com,doctor,256
356,Dolli,Kaete,Dolli.Kaete@yopmail.com,Dolli.Kaete@gmail.com,doctor,257
357,Cathie,Solitta,Cathie.Solitta@yopmail.com,Cathie.Solitta@gmail.com,police officer,258
358,Taffy,Fairweather,Taffy.Fairweather@yopmail.com,Taffy.Fairweather@gmail.com,developer,259
359,Oona,Drus,Oona.Drus@yopmail.com,Oona.Drus@gmail.com,doctor,260
360,Edyth,Sancho,Edyth.Sancho@yopmail.com,Edyth.Sancho@gmail.com,developer,261
361,Sam,Schenck,Sam.Schenck@yopmail.com,Sam.Schenck@gmail.com,doctor,262
362,Madeleine,Dituri,Madeleine.Dituri@yopmail.com,Madeleine.Dituri@gmail.com,firefighter,263
363,Larine,Hirsch,Larine.Hirsch@yopmail.com,Larine.Hirsch@gmail.com,worker,264
364,Adelle,Daniele,Adelle.Daniele@yopmail.com,Adelle.Daniele@gmail.com,firefighter,265
365,Celestyna,Pond,Celestyna.Pond@yopmail.com,Celestyna.Pond@gmail.com,police officer,266
366,Ada,Reidar,Ada.Reidar@yopmail.com,Ada.Reidar@gmail.com,developer,267
367,Alex,Screens,Alex.Screens@yopmail.com,Alex.Screens@gmail.com,police officer,268
368,Fred,Ricarda,Fred.Ricarda@yopmail.com,Fred.Ricarda@gmail.com,doctor,269
369,Ariela,Hashim,Ariela.Hashim@yopmail.com,Ariela.Hashim@gmail.com,firefighter,270
370,Felice,Ursulette,Felice.Ursulette@yopmail.com,Felice.Ursulette@gmail.com,firefighter,271
371,Kirbee,Garlinda,Kirbee.Garlinda@yopmail.com,Kirbee.Garlinda@gmail.com,police officer,272
372,Merrie,Earlie,Merrie.Earlie@yopmail.com,Merrie.Earlie@gmail.com,firefighter,273
373,Vivia,Milson,Vivia.Milson@yopmail.com,Vivia.Milson@gmail.com,firefighter,274
374,Judy,Tomasina,Judy.Tomasina@yopmail.com,Judy.Tomasina@gmail.com,firefighter,275
375,Andeee,Gaynor,Andeee.Gaynor@yopmail.com,Andeee.Gaynor@gmail.com,firefighter,276
376,Alleen,Kinnard,Alleen.Kinnard@yopmail.com,Alleen.Kinnard@gmail.com,doctor,277
377,Carilyn,Dom,Carilyn.Dom@yopmail.com,Carilyn.Dom@gmail.com,doctor,278
378,Agnese,Ummersen,Agnese.Ummersen@yopmail.com,Agnese.Ummersen@gmail.com,developer,279
379,Willetta,Hillel,Willetta.Hillel@yopmail.com,Willetta.Hillel@gmail.com,doctor,280
380,Anica,Borrell,Anica.Borrell@yopmail.com,Anica.Borrell@gmail.com,firefighter,281
381,Louella,Obed,Louella.Obed@yopmail.com,Louella.Obed@gmail.com,police officer,282
382,Lesly,Elvyn,Lesly.Elvyn@yopmail.com,Lesly.Elvyn@gmail.com,worker,283
383,Elbertina,Ailyn,Elbertina.Ailyn@yopmail.com,Elbertina.Ailyn@gmail.com,worker,284
384,Lisette,Cecile,Lisette.Cecile@yopmail.com,Lisette.Cecile@gmail.com,firefighter,285
385,Gusty,McAdams,Gusty.McAdams@yopmail.com,Gusty.McAdams@gmail.com,developer,286
386,Ezmeralda,Tiffa,Ezmeralda.Tiffa@yopmail.com,Ezmeralda.Tiffa@gmail.com,doctor,287
387,Lorie,Francene,Lorie.Francene@yopmail.com,Lorie.Francene@gmail.com,firefighter,288
388,Brianna,Dalli,Brianna.Dalli@yopmail.com,Brianna.Dalli@gmail.com,developer,289
389,Neila,Diann,Neila.Diann@yopmail.com,Neila.Diann@gmail.com,developer,290
390,Gilligan,Maurine,Gilligan.Maurine@yopmail.com,Gilligan.Maurine@gmail.com,firefighter,291
391,Damaris,Gibbeon,Damaris.Gibbeon@yopmail.com,Damaris.Gibbeon@gmail.com,firefighter,292
392,Patricia,Doig,Patricia.Doig@yopmail.com,Patricia.Doig@gmail.com,police officer,293
393,Cindelyn,Hubert,Cindelyn.Hubert@yopmail.com,Cindelyn.Hubert@gmail.com,firefighter,294
394,Dianemarie,Kelula,Dianemarie.Kelula@yopmail.com,Dianemarie.Kelula@gmail.com,police officer,295
395,Ottilie,Ledah,Ottilie.Ledah@yopmail.com,Ottilie.Ledah@gmail.com,doctor,296
396,Flory,Dunkin,Flory.Dunkin@yopmail.com,Flory.Dunkin@gmail.com,developer,297
397,Lucy,Prouty,Lucy.Prouty@yopmail.com,Lucy.Prouty@gmail.com,worker,298
398,Jennica,Reidar,Jennica.Reidar@yopmail.com,Jennica.Reidar@gmail.com,police officer,299
399,Lizzie,Ferrell,Lizzie.Ferrell@yopmail.com,Lizzie.Ferrell@gmail.com,firefighter,300
400,Sadie,Mozelle,Sadie.Mozelle@yopmail.com,Sadie.Mozelle@gmail.com,firefighter,301
401,Beverley,Milde,Beverley.Milde@yopmail.com,Beverley.Milde@gmail.com,developer,302
402,Alia,Joachim,Alia.Joachim@yopmail.com,Alia.Joachim@gmail.com,worker,303
403,Shannah,Cutlerr,Shannah.Cutlerr@yopmail.com,Shannah.Cutlerr@gmail.com,doctor,304
404,Edith,Whittaker,Edith.Whittaker@yopmail.com,Edith.Whittaker@gmail.com,firefighter,305
405,Leanna,Judye,Leanna.Judye@yopmail.com,Leanna.Judye@gmail.com,firefighter,306
406,Gabriellia,Rustice,Gabriellia.Rustice@yopmail.com,Gabriellia.Rustice@gmail.com,police officer,307
407,Barbi,Tice,Barbi.Tice@yopmail.com,Barbi.Tice@gmail.com,developer,308
408,Daune,Phaidra,Daune.Phaidra@yopmail.com,Daune.Phaidra@gmail.com,developer,309
409,Amii,Ciro,Amii.Ciro@yopmail.com,Amii.Ciro@gmail.com,police officer,310
410,Tami,Oster,Tami.Oster@yopmail.com,Tami.Oster@gmail.com,police officer,311
411,Binny,Greyson,Binny.Greyson@yopmail.com,Binny.Greyson@gmail.com,worker,312
412,Layla,Lorenz,Layla.Lorenz@yopmail.com,Layla.Lorenz@gmail.com,developer,313
413,Lilith,Flita,Lilith.Flita@yopmail.com,Lilith.Flita@gmail.com,firefighter,314
414,Eugine,Erb,Eugine.Erb@yopmail.com,Eugine.Erb@gmail.com,doctor,315
415,Shannah,Neils,Shannah.Neils@yopmail.com,Shannah.Neils@gmail.com,worker,316
416,Moyna,Bow,Moyna.Bow@yopmail.com,Moyna.Bow@gmail.com,developer,317
417,Aryn,Wandie,Aryn.Wandie@yopmail.com,Aryn.Wandie@gmail.com,developer,318
418,Candy,Kirbee,Candy.Kirbee@yopmail.com,Candy.Kirbee@gmail.com,firefighter,319
419,Sheelagh,Newell,Sheelagh.Newell@yopmail.com,Sheelagh.Newell@gmail.com,developer,320
420,Leontine,Noelyn,Leontine.Noelyn@yopmail.com,Leontine.Noelyn@gmail.com,firefighter,321
421,Diena,Paine,Diena.Paine@yopmail.com,Diena.Paine@gmail.com,doctor,322
422,Gale,Flita,Gale.Flita@yopmail.com,Gale.Flita@gmail.com,firefighter,323
423,Mara,Holbrook,Mara.Holbrook@yopmail.com,Mara.Holbrook@gmail.com,worker,324
424,Beatriz,Gilmour,Beatriz.Gilmour@yopmail.com,Beatriz.Gilmour@gmail.com,police officer,325
425,Emilia,Cosenza,Emilia.Cosenza@yopmail.com,Emilia.Cosenza@gmail.com,doctor,326
426,Valera,Vilma,Valera.Vilma@yopmail.com,Valera.Vilma@gmail.com,developer,327
427,Nannie,Israeli,Nannie.Israeli@yopmail.com,Nannie.Israeli@gmail.com,worker,328
428,Winny,Hollingsworth,Winny.Hollingsworth@yopmail.com,Winny.Hollingsworth@gmail.com,doctor,329
429,Valera,Bouchard,Valera.Bouchard@yopmail.com,Valera.Bouchard@gmail.com,doctor,330
430,Ermengarde,Wyn,Ermengarde.Wyn@yopmail.com,Ermengarde.Wyn@gmail.com,doctor,331
431,Cordi,Merell,Cordi.Merell@yopmail.com,Cordi.Merell@gmail.com,developer,332
432,Zaria,Ulphia,Zaria.Ulphia@yopmail.com,Zaria.Ulphia@gmail.com,doctor,333
433,Sharai,Rogerio,Sharai.Rogerio@yopmail.com,Sharai.Rogerio@gmail.com,worker,334
434,Tabbatha,Ivens,Tabbatha.Ivens@yopmail.com,Tabbatha.Ivens@gmail.com,firefighter,335
435,Lily,Zrike,Lily.Zrike@yopmail.com,Lily.Zrike@gmail.com,firefighter,336
436,Christy,Sothena,Christy.Sothena@yopmail.com,Christy.Sothena@gmail.com,police officer,337
437,Dale,Gregrory,Dale.Gregrory@yopmail.com,Dale.Gregrory@gmail.com,firefighter,338
438,Elyssa,Fadiman,Elyssa.Fadiman@yopmail.com,Elyssa.Fadiman@gmail.com,developer,339
439,Katharina,Elo,Katharina.Elo@yopmail.com,Katharina.Elo@gmail.com,worker,340
440,Beatriz,Noam,Beatriz.Noam@yopmail.com,Beatriz.Noam@gmail.com,developer,341
441,Shaine,Carmena,Shaine.Carmena@yopmail.com,Shaine.Carmena@gmail.com,police officer,342
442,Sashenka,Drus,Sashenka.Drus@yopmail.com,Sashenka.Drus@gmail.com,developer,343
443,Edee,Niles,Edee.Niles@yopmail.com,Edee.Niles@gmail.com,developer,344
444,Carly,Katrine,Carly.Katrine@yopmail.com,Carly.Katrine@gmail.com,worker,345
445,Gui,Cath,Gui.Cath@yopmail.com,Gui.Cath@gmail.com,police officer,346
446,Emelina,Meter,Emelina.Meter@yopmail.com,Emelina.Meter@gmail.com,police officer,347
447,Clementine,Couture,Clementine.Couture@yopmail.com,Clementine.Couture@gmail.com,police officer,348
448,Aaren,Odell,Aaren.Odell@yopmail.com,Aaren.Odell@gmail.com,developer,349
449,Cristabel,Thornburg,Cristabel.Thornburg@yopmail.com,Cristabel.Thornburg@gmail.com,worker,350
450,Kial,Dyche,Kial.Dyche@yopmail.com,Kial.Dyche@gmail.com,firefighter,351
451,Karlee,Remmer,Karlee.Remmer@yopmail.com,Karlee.Remmer@gmail.com,developer,352
452,Gilligan,Boycey,Gilligan.Boycey@yopmail.com,Gilligan.Boycey@gmail.com,developer,353
453,Dagmar,Fulmer,Dagmar.Fulmer@yopmail.com,Dagmar.Fulmer@gmail.com,worker,354
454,Cherilyn,Kesley,Cherilyn.Kesley@yopmail.com,Cherilyn.Kesley@gmail.com,developer,355
455,Katuscha,Ahab,Katuscha.Ahab@yopmail.com,Katuscha.Ahab@gmail.com,developer,356
456,Lorne,Serilda,Lorne.Serilda@yopmail.com,Lorne.Serilda@gmail.com,police officer,357
457,Lulita,Thema,Lulita.Thema@yopmail.com,Lulita.Thema@gmail.com,worker,358
458,Clary,Stephie,Clary.Stephie@yopmail.com,Clary.Stephie@gmail.com,developer,359
459,Beatriz,Mallon,Beatriz.Mallon@yopmail.com,Beatriz.Mallon@gmail.com,developer,360
460,Rayna,Thar,Rayna.Thar@yopmail.com,Rayna.Thar@gmail.com,firefighter,361
461,Carol-Jean,Ventre,Carol-Jean.Ventre@yopmail.com,Carol-Jean.Ventre@gmail.com,developer,362
462,Marleah,Sammons,Marleah.Sammons@yopmail.com,Marleah.Sammons@gmail.com,doctor,363
463,Ninnetta,Roxanna,Ninnetta.Roxanna@yopmail.com,Ninnetta.Roxanna@gmail.com,worker,364
464,Lauryn,Cleavland,Lauryn.Cleavland@yopmail.com,Lauryn.Cleavland@gmail.com,worker,365
465,Cassandra,Schlosser,Cassandra.Schlosser@yopmail.com,Cassandra.Schlosser@gmail.com,worker,366
466,Josephine,Mozelle,Josephine.Mozelle@yopmail.com,Josephine.Mozelle@gmail.com,doctor,367
467,Jessamyn,Aurelio,Jessamyn.Aurelio@yopmail.com,Jessamyn.Aurelio@gmail.com,doctor,368
468,Pierette,Tomasina,Pierette.Tomasina@yopmail.com,Pierette.Tomasina@gmail.com,developer,369
469,Judy,Hanshaw,Judy.Hanshaw@yopmail.com,Judy.Hanshaw@gmail.com,police officer,370
470,Aili,Halla,Aili.Halla@yopmail.com,Aili.Halla@gmail.com,developer,371
471,Lacie,Gilbertson,Lacie.Gilbertson@yopmail.com,Lacie.Gilbertson@gmail.com,firefighter,372
472,Phedra,Elbertina,Phedra.Elbertina@yopmail.com,Phedra.Elbertina@gmail.com,firefighter,373
473,Lorne,Sherfield,Lorne.Sherfield@yopmail.com,Lorne.Sherfield@gmail.com,worker,374
474,Clary,Roxanna,Clary.Roxanna@yopmail.com,Clary.Roxanna@gmail.com,worker,375
475,Shauna,Peg,Shauna.Peg@yopmail.com,Shauna.Peg@gmail.com,firefighter,376
476,Melodie,Merell,Melodie.Merell@yopmail.com,Melodie.Merell@gmail.com,firefighter,377
477,Constance,Suzetta,Constance.Suzetta@yopmail.com,Constance.Suzetta@gmail.com,developer,378
478,Atlanta,Curren,Atlanta.Curren@yopmail.com,Atlanta.Curren@gmail.com,doctor,379
479,Sybille,Gibbeon,Sybille.Gibbeon@yopmail.com,Sybille.Gibbeon@gmail.com,police officer,380
480,Glynnis,Callista,Glynnis.Callista@yopmail.com,Glynnis.Callista@gmail.com,developer,381
481,Blondelle,Rosalba,Blondelle.Rosalba@yopmail.com,Blondelle.Rosalba@gmail.com,developer,382
482,Patricia,Artie,Patricia.Artie@yopmail.com,Patricia.Artie@gmail.com,firefighter,383
483,Dotty,Brunell,Dotty.Brunell@yopmail.com,Dotty.Brunell@gmail.com,police officer,384
484,Calla,Durware,Calla.Durware@yopmail.com,Calla.Durware@gmail.com,firefighter,385
485,Sibella,Voletta,Sibella.Voletta@yopmail.com,Sibella.Voletta@gmail.com,police officer,386
486,Adelle,Jotham,Adelle.Jotham@yopmail.com,Adelle.Jotham@gmail.com,doctor,387
487,Phylis,Henebry,Phylis.Henebry@yopmail.com,Phylis.Henebry@gmail.com,doctor,388
488,Tabbatha,Thomasina,Tabbatha.Thomasina@yopmail.com,Tabbatha.Thomasina@gmail.com,police officer,389
489,Barbara,Avi,Barbara.Avi@yopmail.com,Barbara.Avi@gmail.com,police officer,390
490,Roslyn,Gregrory,Roslyn.Gregrory@yopmail.com,Roslyn.Gregrory@gmail.com,doctor,391
491,Marnia,Korey,Marnia.Korey@yopmail.com,Marnia.Korey@gmail.com,firefighter,392
492,Philis,Nunci,Philis.Nunci@yopmail.com,Philis.Nunci@gmail.com,doctor,393
493,Kelly,Dorine,Kelly.Dorine@yopmail.com,Kelly.Dorine@gmail.com,police officer,394
494,Felice,Nicoline,Felice.Nicoline@yopmail.com,Felice.Nicoline@gmail.com,worker,395
495,Courtnay,Ovid,Courtnay.Ovid@yopmail.com,Courtnay.Ovid@gmail.com,firefighter,396
496,Ardenia,Philipp,Ardenia.Philipp@yopmail.com,Ardenia.Philipp@gmail.com,developer,397
497,Jaclyn,Ochs,Jaclyn.Ochs@yopmail.com,Jaclyn.Ochs@gmail.com,developer,398
498,Clo,Corrine,Clo.Corrine@yopmail.com,Clo.Corrine@gmail.com,worker,399
499,Meriel,Zina,Meriel.Zina@yopmail.com,Meriel.Zina@gmail.com,doctor,400
500,Merci,Narton,Merci.Narton@yopmail.com,Merci.Narton@gmail.com,doctor,401
501,Sybille,Hessler,Sybille.Hessler@yopmail.com,Sybille.Hessler@gmail.com,doctor,402
502,Hyacinthe,Sammons,Hyacinthe.Sammons@yopmail.com,Hyacinthe.Sammons@gmail.com,firefighter,403
503,Brena,Himelman,Brena.Himelman@yopmail.com,Brena.Himelman@gmail.com,worker,404
504,Cissiee,Shaver,Cissiee.Shaver@yopmail.com,Cissiee.Shaver@gmail.com,police officer,405
505,Aeriela,Talia,Aeriela.Talia@yopmail.com,Aeriela.Talia@gmail.com,worker,406
506,Elfreda,Goddard,Elfreda.Goddard@yopmail.com,Elfreda.Goddard@gmail.com,developer,407
507,Tobe,Roxanna,Tobe.Roxanna@yopmail.com,Tobe.Roxanna@gmail.com,police officer,408
508,Collen,Genna,Collen.Genna@yopmail.com,Collen.Genna@gmail.com,developer,409
509,Ricky,Aaberg,Ricky.Aaberg@yopmail.com,Ricky.Aaberg@gmail.com,doctor,410
510,Elka,Heidt,Elka.Heidt@yopmail.com,Elka.Heidt@gmail.com,firefighter,411
511,Aaren,Cadmar,Aaren.Cadmar@yopmail.com,Aaren.Cadmar@gmail.com,developer,412
512,Vita,Elvyn,Vita.Elvyn@yopmail.com,Vita.Elvyn@gmail.com,firefighter,413
513,Sidoney,Joseph,Sidoney.Joseph@yopmail.com,Sidoney.Joseph@gmail.com,firefighter,414
514,Ericka,Howlyn,Ericka.Howlyn@yopmail.com,Ericka.Howlyn@gmail.com,firefighter,415
515,Damaris,Bury,Damaris.Bury@yopmail.com,Damaris.Bury@gmail.com,doctor,416
516,Ira,Merell,Ira.Merell@yopmail.com,Ira.Merell@gmail.com,developer,417
517,Calla,Sinegold,Calla.Sinegold@yopmail.com,Calla.Sinegold@gmail.com,doctor,418
518,Nariko,Harned,Nariko.Harned@yopmail.com,Nariko.Harned@gmail.com,worker,419
519,Fernande,Olin,Fernande.Olin@yopmail.com,Fernande.Olin@gmail.com,developer,420
520,Marylou,Joni,Marylou.Joni@yopmail.com,Marylou.Joni@gmail.com,worker,421
521,Agathe,Shaddock,Agathe.Shaddock@yopmail.com,Agathe.Shaddock@gmail.com,worker,422
522,Daphne,Kristi,Daphne.Kristi@yopmail.com,Daphne.Kristi@gmail.com,police officer,423
523,Courtnay,Erb,Courtnay.Erb@yopmail.com,Courtnay.Erb@gmail.com,doctor,424
524,Tarra,Meli,Tarra.Meli@yopmail.com,Tarra.Meli@gmail.com,doctor,425
525,Willetta,Helve,Willetta.Helve@yopmail.com,Willetta.Helve@gmail.com,developer,426
526,Dale,Danby,Dale.Danby@yopmail.com,Dale.Danby@gmail.com,worker,427
527,Lindie,Brandice,Lindie.Brandice@yopmail.com,Lindie.Brandice@gmail.com,police officer,428
528,Rozele,Elisha,Rozele.Elisha@yopmail.com,Rozele.Elisha@gmail.com,worker,429
529,Blondelle,Christine,Blondelle.Christine@yopmail.com,Blondelle.Christine@gmail.com,firefighter,430
530,Britni,Whittaker,Britni.Whittaker@yopmail.com,Britni.Whittaker@gmail.com,developer,431
531,Averyl,Fennessy,Averyl.Fennessy@yopmail.com,Averyl.Fennessy@gmail.com,firefighter,432
532,Marylou,Goerke,Marylou.Goerke@yopmail.com,Marylou.Goerke@gmail.com,firefighter,433
533,Sarette,Minetta,Sarette.Minetta@yopmail.com,Sarette.Minetta@gmail.com,developer,434
534,Viviene,Bryna,Viviene.Bryna@yopmail.com,Viviene.Bryna@gmail.com,worker,435
535,Romona,Thema,Romona.Thema@yopmail.com,Romona.Thema@gmail.com,firefighter,436
536,Feliza,Cloris,Feliza.Cloris@yopmail.com,Feliza.Cloris@gmail.com,police officer,437
537,Moyna,Rad,Moyna.Rad@yopmail.com,Moyna.Rad@gmail.com,worker,438
538,Lilith,Munn,Lilith.Munn@yopmail.com,Lilith.Munn@gmail.com,police officer,439
539,Gisela,Ingra,Gisela.Ingra@yopmail.com,Gisela.Ingra@gmail.com,doctor,440
540,Kaia,Velick,Kaia.Velick@yopmail.com,Kaia.Velick@gmail.com,police officer,441
541,Elora,MacIntosh,Elora.MacIntosh@yopmail.com,Elora.MacIntosh@gmail.com,worker,442
542,Rani,McClimans,Rani.McClimans@yopmail.com,Rani.McClimans@gmail.com,developer,443
543,Rosabelle,Parette,Rosabelle.Parette@yopmail.com,Rosabelle.Parette@gmail.com,developer,444
544,Hope,Atonsah,Hope.Atonsah@yopmail.com,Hope.Atonsah@gmail.com,developer,445
545,Tina,Kalinda,Tina.Kalinda@yopmail.com,Tina.Kalinda@gmail.com,worker,446
546,Andeee,Zrike,Andeee.Zrike@yopmail.com,Andeee.Zrike@gmail.com,developer,447
547,Rubie,Peti,Rubie.Peti@yopmail.com,Rubie.Peti@gmail.com,worker,448
548,Ofilia,Durware,Ofilia.Durware@yopmail.com,Ofilia.Durware@gmail.com,police officer,449
549,Leeanne,Lutero,Leeanne.Lutero@yopmail.com,Leeanne.Lutero@gmail.com,police officer,450
550,Riannon,Doig,Riannon.Doig@yopmail.com,Riannon.Doig@gmail.com,developer,451
551,Linet,Robertson,Linet.Robertson@yopmail.com,Linet.Robertson@gmail.com,firefighter,452
552,Hayley,Charity,Hayley.Charity@yopmail.com,Hayley.Charity@gmail.com,worker,453
553,Melina,Marcellus,Melina.Marcellus@yopmail.com,Melina.Marcellus@gmail.com,police officer,454
554,Danika,Sibyls,Danika.Sibyls@yopmail.com,Danika.Sibyls@gmail.com,developer,455
555,Tarra,Yate,Tarra.Yate@yopmail.com,Tarra.Yate@gmail.com,firefighter,456
556,Kathi,Etom,Kathi.Etom@yopmail.com,Kathi.Etom@gmail.com,worker,457
557,Tilly,Fleeta,Tilly.Fleeta@yopmail.com,Tilly.Fleeta@gmail.com,worker,458
558,Damaris,Agle,Damaris.Agle@yopmail.com,Damaris.Agle@gmail.com,police officer,459
559,Jackie,Swigart,Jackie.Swigart@yopmail.com,Jackie.Swigart@gmail.com,doctor,460
560,Carol-Jean,Kauppi,Carol-Jean.Kauppi@yopmail.com,Carol-Jean.Kauppi@gmail.com,firefighter,461
561,Wileen,Liva,Wileen.Liva@yopmail.com,Wileen.Liva@gmail.com,firefighter,462
562,Lilith,Gilbertson,Lilith.Gilbertson@yopmail.com,Lilith.Gilbertson@gmail.com,firefighter,463
563,Cristine,Socha,Cristine.Socha@yopmail.com,Cristine.Socha@gmail.com,firefighter,464
564,Celestyna,Morehouse,Celestyna.Morehouse@yopmail.com,Celestyna.Morehouse@gmail.com,police officer,465
565,Berget,Johanna,Berget.Johanna@yopmail.com,Berget.Johanna@gmail.com,police officer,466
566,Tatiania,Bord,Tatiania.Bord@yopmail.com,Tatiania.Bord@gmail.com,police officer,467
567,Korrie,Pozzy,Korrie.Pozzy@yopmail.com,Korrie.Pozzy@gmail.com,developer,468
568,Philis,Erlandson,Philis.Erlandson@yopmail.com,Philis.Erlandson@gmail.com,firefighter,469
569,Damaris,Demitria,Damaris.Demitria@yopmail.com,Damaris.Demitria@gmail.com,police officer,470
570,Deloria,Yuille,Deloria.Yuille@yopmail.com,Deloria.Yuille@gmail.com,firefighter,471
571,Alyda,Weide,Alyda.Weide@yopmail.com,Alyda.Weide@gmail.com,developer,472
572,Renae,Bebe,Renae.Bebe@yopmail.com,Renae.Bebe@gmail.com,doctor,473
573,Sarette,Libna,Sarette.Libna@yopmail.com,Sarette.Libna@gmail.com,developer,474
574,Annaliese,Tacye,Annaliese.Tacye@yopmail.com,Annaliese.Tacye@gmail.com,firefighter,475
575,Jorry,Tillford,Jorry.Tillford@yopmail.com,Jorry.Tillford@gmail.com,firefighter,476
576,Kore,Maroney,Kore.Maroney@yopmail.com,Kore.Maroney@gmail.com,developer,477
577,Kittie,Kellby,Kittie.Kellby@yopmail.com,Kittie.Kellby@gmail.com,doctor,478
578,Clarice,Swanhildas,Clarice.Swanhildas@yopmail.com,Clarice.Swanhildas@gmail.com,firefighter,479
579,Latisha,Paton,Latisha.Paton@yopmail.com,Latisha.Paton@gmail.com,firefighter,480
580,Hallie,Toni,Hallie.Toni@yopmail.com,Hallie.Toni@gmail.com,worker,481
581,Britte,Pip,Britte.Pip@yopmail.com,Britte.Pip@gmail.com,developer,482
582,Amelia,Kazimir,Amelia.Kazimir@yopmail.com,Amelia.Kazimir@gmail.com,doctor,483
583,Millie,Clarissa,Millie.Clarissa@yopmail.com,Millie.Clarissa@gmail.com,firefighter,484
584,Mathilda,Plato,Mathilda.Plato@yopmail.com,Mathilda.Plato@gmail.com,police officer,485
585,Briney,Hedve,Briney.Hedve@yopmail.com,Briney.Hedve@gmail.com,developer,486
586,Peri,Poll,Peri.Poll@yopmail.com,Peri.Poll@gmail.com,developer,487
587,Maurene,Marijo,Maurene.Marijo@yopmail.com,Maurene.Marijo@gmail.com,police officer,488
588,Etta,Brackely,Etta.Brackely@yopmail.com,Etta.Brackely@gmail.com,police officer,489
589,Henriette,Idelia,Henriette.Idelia@yopmail.com,Henriette.Idelia@gmail.com,doctor,490
590,Marjie,Philoo,Marjie.Philoo@yopmail.com,Marjie.Philoo@gmail.com,police officer,491
591,Larine,Matthew,Larine.Matthew@yopmail.com,Larine.Matthew@gmail.com,worker,492
592,Kenna,Payson,Kenna.Payson@yopmail.com,Kenna.Payson@gmail.com,worker,493
593,Lizzie,Plato,Lizzie.Plato@yopmail.com,Lizzie.Plato@gmail.com,police officer,494
594,Marline,Timon,Marline.Timon@yopmail.com,Marline.Timon@gmail.com,worker,495
595,Krystle,Kaete,Krystle.Kaete@yopmail.com,Krystle.Kaete@gmail.com,firefighter,496
596,Leona,Melleta,Leona.Melleta@yopmail.com,Leona.Melleta@gmail.com,developer,497
597,Kathy,Sparhawk,Kathy.Sparhawk@yopmail.com,Kathy.Sparhawk@gmail.com,firefighter,498
598,Ermengarde,Docilla,Ermengarde.Docilla@yopmail.com,Ermengarde.Docilla@gmail.com,firefighter,499
599,Nerta,Danby,Nerta.Danby@yopmail.com,Nerta.Danby@gmail.com,police officer,500
600,Leanna,Skell,Leanna.Skell@yopmail.com,Leanna.Skell@gmail.com,worker,501
601,Consuela,Tjon,Consuela.Tjon@yopmail.com,Consuela.Tjon@gmail.com,police officer,502
602,Tilly,Tengdin,Tilly.Tengdin@yopmail.com,Tilly.Tengdin@gmail.com,police officer,503
603,Farrah,Skurnik,Farrah.Skurnik@yopmail.com,Farrah.Skurnik@gmail.com,doctor,504
604,Florie,Briney,Florie.Briney@yopmail.com,Florie.Briney@gmail.com,worker,505
605,Sam,Plato,Sam.Plato@yopmail.com,Sam.Plato@gmail.com,police officer,506
606,Leia,Brittani,Leia.Brittani@yopmail.com,Leia.Brittani@gmail.com,police officer,507
607,Elsie,Graig,Elsie.Graig@yopmail.com,Elsie.Graig@gmail.com,firefighter,508
608,Andree,Iiette,Andree.Iiette@yopmail.com,Andree.Iiette@gmail.com,developer,509
609,Millie,Thad,Millie.Thad@yopmail.com,Millie.Thad@gmail.com,doctor,510
610,Zaria,Faria,Zaria.Faria@yopmail.com,Zaria.Faria@gmail.com,doctor,511
611,Jaclyn,Gabrielli,Jaclyn.Gabrielli@yopmail.com,Jaclyn.Gabrielli@gmail.com,doctor,512
612,Jackie,Othilia,Jackie.Othilia@yopmail.com,Jackie.Othilia@gmail.com,doctor,513
613,Celisse,Nedrud,Celisse.Nedrud@yopmail.com,Celisse.Nedrud@gmail.com,developer,514
614,Brena,Wu,Brena.Wu@yopmail.com,Brena.Wu@gmail.com,worker,515
615,Hermione,Dannye,Hermione.Dannye@yopmail.com,Hermione.Dannye@gmail.com,worker,516
616,Xylina,Adamsen,Xylina.Adamsen@yopmail.com,Xylina.Adamsen@gmail.com,worker,517
617,Allis,Chandler,Allis.Chandler@yopmail.com,Allis.Chandler@gmail.com,firefighter,518
618,Maisey,Ellerey,Maisey.Ellerey@yopmail.com,Maisey.Ellerey@gmail.com,worker,519
619,Yvonne,Fairweather,Yvonne.Fairweather@yopmail.com,Yvonne.Fairweather@gmail.com,doctor,520
620,Anallese,Publia,Anallese.Publia@yopmail.com,Anallese.Publia@gmail.com,worker,521
621,Shirlee,Prouty,Shirlee.Prouty@yopmail.com,Shirlee.Prouty@gmail.com,doctor,522
622,Vonny,Mott,Vonny.Mott@yopmail.com,Vonny.Mott@gmail.com,worker,523
623,Edee,Alexandr,Edee.Alexandr@yopmail.com,Edee.Alexandr@gmail.com,firefighter,524
624,Belva,Sigfrid,Belva.Sigfrid@yopmail.com,Belva.Sigfrid@gmail.com,police officer,525
625,Talya,Alwin,Talya.Alwin@yopmail.com,Talya.Alwin@gmail.com,police officer,526
626,Bernardine,Ferrell,Bernardine.Ferrell@yopmail.com,Bernardine.Ferrell@gmail.com,doctor,527
627,Renae,Hazlett,Renae.Hazlett@yopmail.com,Renae.Hazlett@gmail.com,doctor,528
628,Adriana,Felecia,Adriana.Felecia@yopmail.com,Adriana.Felecia@gmail.com,worker,529
629,Kore,Barrus,Kore.Barrus@yopmail.com,Kore.Barrus@gmail.com,doctor,530
630,Jessy,Muriel,Jessy.Muriel@yopmail.com,Jessy.Muriel@gmail.com,developer,531
631,Myriam,Lipson,Myriam.Lipson@yopmail.com,Myriam.Lipson@gmail.com,firefighter,532
632,Jemie,Woodberry,Jemie.Woodberry@yopmail.com,Jemie.Woodberry@gmail.com,worker,533
633,Kimberley,Regan,Kimberley.Regan@yopmail.com,Kimberley.Regan@gmail.com,developer,534
634,Chastity,Faro,Chastity.Faro@yopmail.com,Chastity.Faro@gmail.com,doctor,535
635,Rebeca,Bethany,Rebeca.Bethany@yopmail.com,Rebeca.Bethany@gmail.com,worker,536
636,Gusty,Tacye,Gusty.Tacye@yopmail.com,Gusty.Tacye@gmail.com,police officer,537
637,Ricky,Obed,Ricky.Obed@yopmail.com,Ricky.Obed@gmail.com,firefighter,538
638,Glenda,Dituri,Glenda.Dituri@yopmail.com,Glenda.Dituri@gmail.com,doctor,539
639,Marguerite,Norvol,Marguerite.Norvol@yopmail.com,Marguerite.Norvol@gmail.com,police officer,540
640,Henriette,Kimmie,Henriette.Kimmie@yopmail.com,Henriette.Kimmie@gmail.com,developer,541
641,Atlanta,Sperling,Atlanta.Sperling@yopmail.com,Atlanta.Sperling@gmail.com,developer,542
642,Lauryn,Joli,Lauryn.Joli@yopmail.com,Lauryn.Joli@gmail.com,doctor,543
643,Donetta,Minetta,Donetta.Minetta@yopmail.com,Donetta.Minetta@gmail.com,doctor,544
644,Phylis,Nelsen,Phylis.Nelsen@yopmail.com,Phylis.Nelsen@gmail.com,developer,545
645,Corry,Bergman,Corry.Bergman@yopmail.com,Corry.Bergman@gmail.com,doctor,546
646,Joceline,Sasnett,Joceline.Sasnett@yopmail.com,Joceline.Sasnett@gmail.com,worker,547
647,Maisey,Dimitris,Maisey.Dimitris@yopmail.com,Maisey.Dimitris@gmail.com,police officer,548
648,Shaine,Orlene,Shaine.Orlene@yopmail.com,Shaine.Orlene@gmail.com,worker,549
649,Donnie,Donoghue,Donnie.Donoghue@yopmail.com,Donnie.Donoghue@gmail.com,doctor,550
650,Xylina,Arquit,Xylina.Arquit@yopmail.com,Xylina.Arquit@gmail.com,police officer,551
651,Lonnie,Konyn,Lonnie.Konyn@yopmail.com,Lonnie.Konyn@gmail.com,worker,552
652,Letizia,Sheedy,Letizia.Sheedy@yopmail.com,Letizia.Sheedy@gmail.com,developer,553
653,Loree,Stefa,Loree.Stefa@yopmail.com,Loree.Stefa@gmail.com,police officer,554
654,Hope,Riordan,Hope.Riordan@yopmail.com,Hope.Riordan@gmail.com,developer,555
655,Camile,Septima,Camile.Septima@yopmail.com,Camile.Septima@gmail.com,developer,556
656,Heddie,Paton,Heddie.Paton@yopmail.com,Heddie.Paton@gmail.com,developer,557
657,Siana,Ahab,Siana.Ahab@yopmail.com,Siana.Ahab@gmail.com,doctor,558
658,Linet,Nore,Linet.Nore@yopmail.com,Linet.Nore@gmail.com,worker,559
659,Ana,Fosque,Ana.Fosque@yopmail.com,Ana.Fosque@gmail.com,doctor,560
660,Sharlene,Longfellow,Sharlene.Longfellow@yopmail.com,Sharlene.Longfellow@gmail.com,firefighter,561
661,Robbi,Ludewig,Robbi.Ludewig@yopmail.com,Robbi.Ludewig@gmail.com,developer,562
662,Lynea,Phi,Lynea.Phi@yopmail.com,Lynea.Phi@gmail.com,firefighter,563
663,Ada,Kinnard,Ada.Kinnard@yopmail.com,Ada.Kinnard@gmail.com,doctor,564
664,Kore,Donoghue,Kore.Donoghue@yopmail.com,Kore.Donoghue@gmail.com,police officer,565
665,Corly,Serilda,Corly.Serilda@yopmail.com,Corly.Serilda@gmail.com,police officer,566
666,Bee,Tatianas,Bee.Tatianas@yopmail.com,Bee.Tatianas@gmail.com,firefighter,567
667,Constance,Dudley,Constance.Dudley@yopmail.com,Constance.Dudley@gmail.com,police officer,568
668,Ayn,Holtz,Ayn.Holtz@yopmail.com,Ayn.Holtz@gmail.com,police officer,569
669,Deane,Brenn,Deane.Brenn@yopmail.com,Deane.Brenn@gmail.com,worker,570
670,Ezmeralda,Aurelio,Ezmeralda.Aurelio@yopmail.com,Ezmeralda.Aurelio@gmail.com,doctor,571
671,Margarette,Howlyn,Margarette.Howlyn@yopmail.com,Margarette.Howlyn@gmail.com,firefighter,572
672,Annice,Tremayne,Annice.Tremayne@yopmail.com,Annice.Tremayne@gmail.com,firefighter,573
673,Justinn,Cosenza,Justinn.Cosenza@yopmail.com,Justinn.Cosenza@gmail.com,police officer,574
674,Darci,Autrey,Darci.Autrey@yopmail.com,Darci.Autrey@gmail.com,police officer,575
675,Glynnis,Fabiola,Glynnis.Fabiola@yopmail.com,Glynnis.Fabiola@gmail.com,developer,576
676,Gloria,Hilbert,Gloria.Hilbert@yopmail.com,Gloria.Hilbert@gmail.com,worker,577
677,Giustina,Stelle,Giustina.Stelle@yopmail.com,Giustina.Stelle@gmail.com,worker,578
678,Joane,Westphal,Joane.Westphal@yopmail.com,Joane.Westphal@gmail.com,doctor,579
679,Sarette,Reinke,Sarette.Reinke@yopmail.com,Sarette.Reinke@gmail.com,developer,580
680,Chrystel,Meli,Chrystel.Meli@yopmail.com,Chrystel.Meli@gmail.com,developer,581
681,Fina,Bow,Fina.Bow@yopmail.com,Fina.Bow@gmail.com,police officer,582
682,Amara,Ader,Amara.Ader@yopmail.com,Amara.Ader@gmail.com,doctor,583
683,Susan,Othilia,Susan.Othilia@yopmail.com,Susan.Othilia@gmail.com,doctor,584
684,Grier,Reneta,Grier.Reneta@yopmail.com,Grier.Reneta@gmail.com,firefighter,585
685,Drucie,Bebe,Drucie.Bebe@yopmail.com,Drucie.Bebe@gmail.com,doctor,586
686,Ebonee,Anderea,Ebonee.Anderea@yopmail.com,Ebonee.Anderea@gmail.com,firefighter,587
687,Bobbi,Etom,Bobbi.Etom@yopmail.com,Bobbi.Etom@gmail.com,doctor,588
688,Sonni,Erminia,Sonni.Erminia@yopmail.com,Sonni.Erminia@gmail.com,police officer,589
689,Mara,Juliet,Mara.Juliet@yopmail.com,Mara.Juliet@gmail.com,worker,590
690,Kylynn,Miru,Kylynn.Miru@yopmail.com,Kylynn.Miru@gmail.com,doctor,591
691,Magdalena,Franza,Magdalena.Franza@yopmail.com,Magdalena.Franza@gmail.com,firefighter,592
692,Netty,Ackerley,Netty.Ackerley@yopmail.com,Netty.Ackerley@gmail.com,developer,593
693,Blondelle,Zaslow,Blondelle.Zaslow@yopmail.com,Blondelle.Zaslow@gmail.com,doctor,594
694,Misha,Kare,Misha.Kare@yopmail.com,Misha.Kare@gmail.com,doctor,595
695,Dulcinea,Zachary,Dulcinea.Zachary@yopmail.com,Dulcinea.Zachary@gmail.com,worker,596
696,Audrie,Ilka,Audrie.Ilka@yopmail.com,Audrie.Ilka@gmail.com,firefighter,597
697,Ulrike,Taam,Ulrike.Taam@yopmail.com,Ulrike.Taam@gmail.com,police officer,598
698,Myrtice,Vastah,Myrtice.Vastah@yopmail.com,Myrtice.Vastah@gmail.com,police officer,599
699,Ardenia,Regan,Ardenia.Regan@yopmail.com,Ardenia.Regan@gmail.com,doctor,600
700,Adelle,Dimitris,Adelle.Dimitris@yopmail.com,Adelle.Dimitris@gmail.com,developer,601
701,Damaris,Cherianne,Damaris.Cherianne@yopmail.com,Damaris.Cherianne@gmail.com,firefighter,602
702,Sean,Arquit,Sean.Arquit@yopmail.com,Sean.Arquit@gmail.com,developer,603
703,Pollyanna,Thornburg,Pollyanna.Thornburg@yopmail.com,Pollyanna.Thornburg@gmail.com,firefighter,604
704,Bill,Rolf,Bill.Rolf@yopmail.com,Bill.Rolf@gmail.com,developer,605
705,Olwen,Ailyn,Olwen.Ailyn@yopmail.com,Olwen.Ailyn@gmail.com,worker,606
706,Devina,Raama,Devina.Raama@yopmail.com,Devina.Raama@gmail.com,worker,607
707,Starla,Leary,Starla.Leary@yopmail.com,Starla.Leary@gmail.com,firefighter,608
708,Edyth,Kylander,Edyth.Kylander@yopmail.com,Edyth.Kylander@gmail.com,worker,609
709,Dale,Kazimir,Dale.Kazimir@yopmail.com,Dale.Kazimir@gmail.com,worker,610
710,Corene,Garbe,Corene.Garbe@yopmail.com,Corene.Garbe@gmail.com,worker,611
711,Gusty,Martsen,Gusty.Martsen@yopmail.com,Gusty.Martsen@gmail.com,developer,612
712,Julieta,Newell,Julieta.Newell@yopmail.com,Julieta.Newell@gmail.com,firefighter,613
713,Dawn,Goddard,Dawn.Goddard@yopmail.com,Dawn.Goddard@gmail.com,police officer,614
714,Tierney,Hunfredo,Tierney.Hunfredo@yopmail.com,Tierney.Hunfredo@gmail.com,doctor,615
715,Dorthy,Jena,Dorthy.Jena@yopmail.com,Dorthy.Jena@gmail.com,developer,616
716,Carlie,Gilmour,Carlie.Gilmour@yopmail.com,Carlie.Gilmour@gmail.com,worker,617
717,Sharlene,Bakerman,Sharlene.Bakerman@yopmail.com,Sharlene.Bakerman@gmail.com,police officer,618
718,Hollie,Gamaliel,Hollie.Gamaliel@yopmail.com,Hollie.Gamaliel@gmail.com,firefighter,619
719,Ilse,Sothena,Ilse.Sothena@yopmail.com,Ilse.Sothena@gmail.com,worker,620
720,Miquela,Breed,Miquela.Breed@yopmail.com,Miquela.Breed@gmail.com,worker,621
721,Blinni,Chapland,Blinni.Chapland@yopmail.com,Blinni.Chapland@gmail.com,police officer,622
722,Reeba,Ricarda,Reeba.Ricarda@yopmail.com,Reeba.Ricarda@gmail.com,developer,623
723,Orelia,Therine,Orelia.Therine@yopmail.com,Orelia.Therine@gmail.com,doctor,624
724,Mahalia,Soneson,Mahalia.Soneson@yopmail.com,Mahalia.Soneson@gmail.com,developer,625
725,Ruthe,Mintz,Ruthe.Mintz@yopmail.com,Ruthe.Mintz@gmail.com,police officer,626
726,Lory,McClimans,Lory.McClimans@yopmail.com,Lory.McClimans@gmail.com,police officer,627
727,Ottilie,Nester,Ottilie.Nester@yopmail.com,Ottilie.Nester@gmail.com,developer,628
728,Ezmeralda,Belldas,Ezmeralda.Belldas@yopmail.com,Ezmeralda.Belldas@gmail.com,firefighter,629
729,Leeanne,Myrilla,Leeanne.Myrilla@yopmail.com,Leeanne.Myrilla@gmail.com,police officer,630
730,Sara-Ann,Japeth,Sara-Ann.Japeth@yopmail.com,Sara-Ann.Japeth@gmail.com,worker,631
731,Claresta,Fennessy,Claresta.Fennessy@yopmail.com,Claresta.Fennessy@gmail.com,police officer,632
732,Quintina,McNully,Quintina.McNully@yopmail.com,Quintina.McNully@gmail.com,firefighter,633
733,Emilia,Pernick,Emilia.Pernick@yopmail.com,Emilia.Pernick@gmail.com,worker,634
734,Annecorinne,Bebe,Annecorinne.Bebe@yopmail.com,Annecorinne.Bebe@gmail.com,firefighter,635
735,Netty,Nerita,Netty.Nerita@yopmail.com,Netty.Nerita@gmail.com,developer,636
736,Adriana,Gaal,Adriana.Gaal@yopmail.com,Adriana.Gaal@gmail.com,worker,637
737,Randa,Bohlin,Randa.Bohlin@yopmail.com,Randa.Bohlin@gmail.com,worker,638
738,Ellette,Nickola,Ellette.Nickola@yopmail.com,Ellette.Nickola@gmail.com,police officer,639
739,Marjie,Telfer,Marjie.Telfer@yopmail.com,Marjie.Telfer@gmail.com,worker,640
740,Courtnay,Erminia,Courtnay.Erminia@yopmail.com,Courtnay.Erminia@gmail.com,worker,641
741,Berget,Gordon,Berget.Gordon@yopmail.com,Berget.Gordon@gmail.com,developer,642
742,Devina,Serilda,Devina.Serilda@yopmail.com,Devina.Serilda@gmail.com,developer,643
743,Shauna,Hollingsworth,Shauna.Hollingsworth@yopmail.com,Shauna.Hollingsworth@gmail.com,worker,644
744,Marline,Chesna,Marline.Chesna@yopmail.com,Marline.Chesna@gmail.com,police officer,645
745,Tierney,Martsen,Tierney.Martsen@yopmail.com,Tierney.Martsen@gmail.com,developer,646
746,Danny,Frendel,Danny.Frendel@yopmail.com,Danny.Frendel@gmail.com,developer,647
747,Jan,Mike,Jan.Mike@yopmail.com,Jan.Mike@gmail.com,developer,648
748,Jessy,Randene,Jessy.Randene@yopmail.com,Jessy.Randene@gmail.com,police officer,649
749,Carilyn,Heidt,Carilyn.Heidt@yopmail.com,Carilyn.Heidt@gmail.com,police officer,650
750,Fanchon,Ball,Fanchon.Ball@yopmail.com,Fanchon.Ball@gmail.com,police officer,651
751,Katuscha,Carmena,Katuscha.Carmena@yopmail.com,Katuscha.Carmena@gmail.com,firefighter,652
752,Marylou,Genna,Marylou.Genna@yopmail.com,Marylou.Genna@gmail.com,developer,653
753,Rhoda,Stilwell,Rhoda.Stilwell@yopmail.com,Rhoda.Stilwell@gmail.com,developer,654
754,Janenna,Amasa,Janenna.Amasa@yopmail.com,Janenna.Amasa@gmail.com,doctor,655
755,Kimberley,Kannry,Kimberley.Kannry@yopmail.com,Kimberley.Kannry@gmail.com,doctor,656
756,Karlee,Viddah,Karlee.Viddah@yopmail.com,Karlee.Viddah@gmail.com,doctor,657
757,Marguerite,Lindemann,Marguerite.Lindemann@yopmail.com,Marguerite.Lindemann@gmail.com,worker,658
758,Beverley,Delacourt,Beverley.Delacourt@yopmail.com,Beverley.Delacourt@gmail.com,worker,659
759,Dede,Dalli,Dede.Dalli@yopmail.com,Dede.Dalli@gmail.com,developer,660
760,Emilia,Idelia,Emilia.Idelia@yopmail.com,Emilia.Idelia@gmail.com,doctor,661
761,Nikki,Zetta,Nikki.Zetta@yopmail.com,Nikki.Zetta@gmail.com,worker,662
762,Ursulina,Agle,Ursulina.Agle@yopmail.com,Ursulina.Agle@gmail.com,firefighter,663
763,Marnia,Macey,Marnia.Macey@yopmail.com,Marnia.Macey@gmail.com,worker,664
764,Gavrielle,Cullin,Gavrielle.Cullin@yopmail.com,Gavrielle.Cullin@gmail.com,developer,665
765,Deane,Fadiman,Deane.Fadiman@yopmail.com,Deane.Fadiman@gmail.com,police officer,666
766,Kirstin,Tengdin,Kirstin.Tengdin@yopmail.com,Kirstin.Tengdin@gmail.com,firefighter,667
767,Philis,Docilla,Philis.Docilla@yopmail.com,Philis.Docilla@gmail.com,worker,668
768,Giustina,Moina,Giustina.Moina@yopmail.com,Giustina.Moina@gmail.com,firefighter,669
769,Drucie,Monaco,Drucie.Monaco@yopmail.com,Drucie.Monaco@gmail.com,police officer,670
770,Dotty,Taima,Dotty.Taima@yopmail.com,Dotty.Taima@gmail.com,doctor,671
771,Reeba,Martsen,Reeba.Martsen@yopmail.com,Reeba.Martsen@gmail.com,police officer,672
772,Dede,Gaal,Dede.Gaal@yopmail.com,Dede.Gaal@gmail.com,worker,673
773,Tracey,Garlinda,Tracey.Garlinda@yopmail.com,Tracey.Garlinda@gmail.com,firefighter,674
774,Aryn,Danby,Aryn.Danby@yopmail.com,Aryn.Danby@gmail.com,worker,675
775,Sherrie,Arvo,Sherrie.Arvo@yopmail.com,Sherrie.Arvo@gmail.com,developer,676
776,Konstance,Eliathas,Konstance.Eliathas@yopmail.com,Konstance.Eliathas@gmail.com,police officer,677
777,Edith,Urania,Edith.Urania@yopmail.com,Edith.Urania@gmail.com,developer,678
778,Sybille,Monk,Sybille.Monk@yopmail.com,Sybille.Monk@gmail.com,firefighter,679
779,Cecile,Curren,Cecile.Curren@yopmail.com,Cecile.Curren@gmail.com,doctor,680
780,Rosaline,Sherrie,Rosaline.Sherrie@yopmail.com,Rosaline.Sherrie@gmail.com,worker,681
781,Demetris,Jefferey,Demetris.Jefferey@yopmail.com,Demetris.Jefferey@gmail.com,police officer,682
782,Carree,Kamaria,Carree.Kamaria@yopmail.com,Carree.Kamaria@gmail.com,police officer,683
783,Aubrie,Rubie,Aubrie.Rubie@yopmail.com,Aubrie.Rubie@gmail.com,developer,684
784,Valli,Minetta,Valli.Minetta@yopmail.com,Valli.Minetta@gmail.com,doctor,685
785,Magdalena,Vernier,Magdalena.Vernier@yopmail.com,Magdalena.Vernier@gmail.com,developer,686
786,Imojean,Tippets,Imojean.Tippets@yopmail.com,Imojean.Tippets@gmail.com,worker,687
787,Sissy,Destinee,Sissy.Destinee@yopmail.com,Sissy.Destinee@gmail.com,worker,688
788,Donetta,Briney,Donetta.Briney@yopmail.com,Donetta.Briney@gmail.com,doctor,689
789,Paule,Wenoa,Paule.Wenoa@yopmail.com,Paule.Wenoa@gmail.com,worker,690
790,Merry,Middleton,Merry.Middleton@yopmail.com,Merry.Middleton@gmail.com,police officer,691
791,Kathi,Phyllis,Kathi.Phyllis@yopmail.com,Kathi.Phyllis@gmail.com,firefighter,692
792,Norine,Larochelle,Norine.Larochelle@yopmail.com,Norine.Larochelle@gmail.com,police officer,693
793,Roseline,Valoniah,Roseline.Valoniah@yopmail.com,Roseline.Valoniah@gmail.com,firefighter,694
794,Lonnie,Adalbert,Lonnie.Adalbert@yopmail.com,Lonnie.Adalbert@gmail.com,worker,695
795,Blinni,Skell,Blinni.Skell@yopmail.com,Blinni.Skell@gmail.com,police officer,696
796,Noelle,O'Rourke,Noelle.O'Rourke@yopmail.com,Noelle.O'Rourke@gmail.com,doctor,697
797,Noelle,Verger,Noelle.Verger@yopmail.com,Noelle.Verger@gmail.com,doctor,698
798,Xylina,Evangelia,Xylina.Evangelia@yopmail.com,Xylina.Evangelia@gmail.com,developer,699
799,Sindee,Bohlin,Sindee.Bohlin@yopmail.com,Sindee.Bohlin@gmail.com,worker,700
800,Mary,Alwin,Mary.Alwin@yopmail.com,Mary.Alwin@gmail.com,developer,701
801,Jessamyn,Jenness,Jessamyn.Jenness@yopmail.com,Jessamyn.Jenness@gmail.com,doctor,702
802,Jenda,Stacy,Jenda.Stacy@yopmail.com,Jenda.Stacy@gmail.com,worker,703
803,Marline,Gualtiero,Marline.Gualtiero@yopmail.com,Marline.Gualtiero@gmail.com,firefighter,704
804,Clary,Alrich,Clary.Alrich@yopmail.com,Clary.Alrich@gmail.com,police officer,705
805,Renae,Hermes,Renae.Hermes@yopmail.com,Renae.Hermes@gmail.com,worker,706
806,Danika,Pattin,Danika.Pattin@yopmail.com,Danika.Pattin@gmail.com,developer,707
807,Hallie,Helve,Hallie.Helve@yopmail.com,Hallie.Helve@gmail.com,worker,708
808,Sue,Zachary,Sue.Zachary@yopmail.com,Sue.Zachary@gmail.com,doctor,709
809,Nelle,Nahum,Nelle.Nahum@yopmail.com,Nelle.Nahum@gmail.com,developer,710
810,Sissy,Bendick,Sissy.Bendick@yopmail.com,Sissy.Bendick@gmail.com,firefighter,711
811,Ivett,Concha,Ivett.Concha@yopmail.com,Ivett.Concha@gmail.com,firefighter,712
812,Kathi,Viddah,Kathi.Viddah@yopmail.com,Kathi.Viddah@gmail.com,doctor,713
813,Sallie,Rocray,Sallie.Rocray@yopmail.com,Sallie.Rocray@gmail.com,developer,714
814,Atlanta,Leifeste,Atlanta.Leifeste@yopmail.com,Atlanta.Leifeste@gmail.com,worker,715
815,Danika,Roumell,Danika.Roumell@yopmail.com,Danika.Roumell@gmail.com,police officer,716
816,Pollyanna,Izaak,Pollyanna.Izaak@yopmail.com,Pollyanna.Izaak@gmail.com,police officer,717
817,Lynea,Iiette,Lynea.Iiette@yopmail.com,Lynea.Iiette@gmail.com,worker,718
818,Arlena,Creamer,Arlena.Creamer@yopmail.com,Arlena.Creamer@gmail.com,firefighter,719
819,Therine,Anyah,Therine.Anyah@yopmail.com,Therine.Anyah@gmail.com,doctor,720
820,Angelique,Wattenberg,Angelique.Wattenberg@yopmail.com,Angelique.Wattenberg@gmail.com,developer,721
821,Correy,Joni,Correy.Joni@yopmail.com,Correy.Joni@gmail.com,doctor,722
822,Roseline,Etom,Roseline.Etom@yopmail.com,Roseline.Etom@gmail.com,doctor,723
823,Karena,Loleta,Karena.Loleta@yopmail.com,Karena.Loleta@gmail.com,police officer,724
824,Rhea,Buttaro,Rhea.Buttaro@yopmail.com,Rhea.Buttaro@gmail.com,worker,725
825,Darlleen,Lail,Darlleen.Lail@yopmail.com,Darlleen.Lail@gmail.com,police officer,726
826,Valli,Ulphia,Valli.Ulphia@yopmail.com,Valli.Ulphia@gmail.com,worker,727
827,Candy,Dreda,Candy.Dreda@yopmail.com,Candy.Dreda@gmail.com,doctor,728
828,Marcy,Melony,Marcy.Melony@yopmail.com,Marcy.Melony@gmail.com,developer,729
829,Kellen,Orelee,Kellen.Orelee@yopmail.com,Kellen.Orelee@gmail.com,doctor,730
830,Valli,Ricarda,Valli.Ricarda@yopmail.com,Valli.Ricarda@gmail.com,police officer,731
831,Kara-Lynn,Schlosser,Kara-Lynn.Schlosser@yopmail.com,Kara-Lynn.Schlosser@gmail.com,developer,732
832,Merrie,Nance,Merrie.Nance@yopmail.com,Merrie.Nance@gmail.com,firefighter,733
833,Collen,Marcellus,Collen.Marcellus@yopmail.com,Collen.Marcellus@gmail.com,worker,734
834,Gloria,Garrison,Gloria.Garrison@yopmail.com,Gloria.Garrison@gmail.com,doctor,735
835,Tatiania,Rebecka,Tatiania.Rebecka@yopmail.com,Tatiania.Rebecka@gmail.com,doctor,736
836,Aeriela,Turne,Aeriela.Turne@yopmail.com,Aeriela.Turne@gmail.com,firefighter,737
837,Jolyn,Flita,Jolyn.Flita@yopmail.com,Jolyn.Flita@gmail.com,firefighter,738
838,Olivette,Persse,Olivette.Persse@yopmail.com,Olivette.Persse@gmail.com,doctor,739
839,Lanae,Arvo,Lanae.Arvo@yopmail.com,Lanae.Arvo@gmail.com,doctor,740
840,Berta,Brady,Berta.Brady@yopmail.com,Berta.Brady@gmail.com,police officer,741
841,Gilligan,Maisey,Gilligan.Maisey@yopmail.com,Gilligan.Maisey@gmail.com,firefighter,742
842,Gilligan,Buffum,Gilligan.Buffum@yopmail.com,Gilligan.Buffum@gmail.com,doctor,743
843,Roseline,Alisia,Roseline.Alisia@yopmail.com,Roseline.Alisia@gmail.com,developer,744
844,Devina,Faria,Devina.Faria@yopmail.com,Devina.Faria@gmail.com,police officer,745
845,Mady,Mintz,Mady.Mintz@yopmail.com,Mady.Mintz@gmail.com,doctor,746
846,Di,Barbey,Di.Barbey@yopmail.com,Di.Barbey@gmail.com,police officer,747
847,Vita,Glovsky,Vita.Glovsky@yopmail.com,Vita.Glovsky@gmail.com,police officer,748
848,Michaelina,Madox,Michaelina.Madox@yopmail.com,Michaelina.Madox@gmail.com,developer,749
849,Wanda,Aida,Wanda.Aida@yopmail.com,Wanda.Aida@gmail.com,police officer,750
850,Margarette,Capello,Margarette.Capello@yopmail.com,Margarette.Capello@gmail.com,police officer,751
851,Sherrie,Bartlett,Sherrie.Bartlett@yopmail.com,Sherrie.Bartlett@gmail.com,firefighter,752
852,Tybie,Michella,Tybie.Michella@yopmail.com,Tybie.Michella@gmail.com,police officer,753
853,Ginnie,Boycey,Ginnie.Boycey@yopmail.com,Ginnie.Boycey@gmail.com,doctor,754
854,Isa,Amethist,Isa.Amethist@yopmail.com,Isa.Amethist@gmail.com,doctor,755
855,Madelle,Prouty,Madelle.Prouty@yopmail.com,Madelle.Prouty@gmail.com,firefighter,756
856,Verla,Odysseus,Verla.Odysseus@yopmail.com,Verla.Odysseus@gmail.com,worker,757
857,Sadie,Boehike,Sadie.Boehike@yopmail.com,Sadie.Boehike@gmail.com,firefighter,758
858,Rosene,Zenas,Rosene.Zenas@yopmail.com,Rosene.Zenas@gmail.com,developer,759
859,Ermengarde,Vittoria,Ermengarde.Vittoria@yopmail.com,Ermengarde.Vittoria@gmail.com,doctor,760
860,Atlanta,Aida,Atlanta.Aida@yopmail.com,Atlanta.Aida@gmail.com,police officer,761
861,Korrie,Johnsson,Korrie.Johnsson@yopmail.com,Korrie.Johnsson@gmail.com,doctor,762
862,Natka,Sigfrid,Natka.Sigfrid@yopmail.com,Natka.Sigfrid@gmail.com,firefighter,763
863,Sidoney,Medrek,Sidoney.Medrek@yopmail.com,Sidoney.Medrek@gmail.com,developer,764
864,Orelia,Morrill,Orelia.Morrill@yopmail.com,Orelia.Morrill@gmail.com,firefighter,765
865,Estell,Gaal,Estell.Gaal@yopmail.com,Estell.Gaal@gmail.com,police officer,766
866,Sheree,Frodi,Sheree.Frodi@yopmail.com,Sheree.Frodi@gmail.com,doctor,767
867,Marcelline,Ariella,Marcelline.Ariella@yopmail.com,Marcelline.Ariella@gmail.com,firefighter,768
868,Marjie,Sidonius,Marjie.Sidonius@yopmail.com,Marjie.Sidonius@gmail.com,worker,769
869,Neila,Afton,Neila.Afton@yopmail.com,Neila.Afton@gmail.com,worker,770
870,Fanny,Janith,Fanny.Janith@yopmail.com,Fanny.Janith@gmail.com,firefighter,771
871,Codie,Nedrud,Codie.Nedrud@yopmail.com,Codie.Nedrud@gmail.com,developer,772
872,Glenda,Dorine,Glenda.Dorine@yopmail.com,Glenda.Dorine@gmail.com,developer,773
873,Fina,Bethany,Fina.Bethany@yopmail.com,Fina.Bethany@gmail.com,developer,774
874,Lolita,Bettine,Lolita.Bettine@yopmail.com,Lolita.Bettine@gmail.com,firefighter,775
875,Ekaterina,Brackely,Ekaterina.Brackely@yopmail.com,Ekaterina.Brackely@gmail.com,firefighter,776
876,Christal,Sothena,Christal.Sothena@yopmail.com,Christal.Sothena@gmail.com,developer,777
877,Goldie,Masao,Goldie.Masao@yopmail.com,Goldie.Masao@gmail.com,firefighter,778
878,Merci,Drus,Merci.Drus@yopmail.com,Merci.Drus@gmail.com,worker,779
879,Kathy,Palocz,Kathy.Palocz@yopmail.com,Kathy.Palocz@gmail.com,doctor,780
880,Adriana,Miru,Adriana.Miru@yopmail.com,Adriana.Miru@gmail.com,worker,781
881,Brandise,Beniamino,Brandise.Beniamino@yopmail.com,Brandise.Beniamino@gmail.com,developer,782
882,Jaime,Flita,Jaime.Flita@yopmail.com,Jaime.Flita@gmail.com,firefighter,783
883,Aeriela,Zrike,Aeriela.Zrike@yopmail.com,Aeriela.Zrike@gmail.com,developer,784
884,Constance,Lanita,Constance.Lanita@yopmail.com,Constance.Lanita@gmail.com,developer,785
885,Oona,Fax,Oona.Fax@yopmail.com,Oona.Fax@gmail.com,developer,786
886,Emilia,Hebner,Emilia.Hebner@yopmail.com,Emilia.Hebner@gmail.com,doctor,787
887,Amii,Diann,Amii.Diann@yopmail.com,Amii.Diann@gmail.com,doctor,788
888,Shauna,Pauly,Shauna.Pauly@yopmail.com,Shauna.Pauly@gmail.com,firefighter,789
889,Correy,Fleeta,Correy.Fleeta@yopmail.com,Correy.Fleeta@gmail.com,developer,790
890,Claudina,Albertine,Claudina.Albertine@yopmail.com,Claudina.Albertine@gmail.com,worker,791
891,Hermione,Hunfredo,Hermione.Hunfredo@yopmail.com,Hermione.Hunfredo@gmail.com,police officer,792
892,Sybille,Alarise,Sybille.Alarise@yopmail.com,Sybille.Alarise@gmail.com,police officer,793
893,Gertrud,Ulphia,Gertrud.Ulphia@yopmail.com,Gertrud.Ulphia@gmail.com,firefighter,794
894,Sandie,Azeria,Sandie.Azeria@yopmail.com,Sandie.Azeria@gmail.com,firefighter,795
895,Ira,Lilas,Ira.Lilas@yopmail.com,Ira.Lilas@gmail.com,worker,796
896,Selma,Hebner,Selma.Hebner@yopmail.com,Selma.Hebner@gmail.com,doctor,797
897,Orelia,Gherardo,Orelia.Gherardo@yopmail.com,Orelia.Gherardo@gmail.com,developer,798
898,Anallese,Edison,Anallese.Edison@yopmail.com,Anallese.Edison@gmail.com,developer,799
899,Joeann,Haerr,Joeann.Haerr@yopmail.com,Joeann.Haerr@gmail.com,developer,800
900,Nerta,Bord,Nerta.Bord@yopmail.com,Nerta.Bord@gmail.com,firefighter,801
901,Jinny,Raimondo,Jinny.Raimondo@yopmail.com,Jinny.Raimondo@gmail.com,doctor,802
902,Corry,Leifeste,Corry.Leifeste@yopmail.com,Corry.Leifeste@gmail.com,police officer,803
903,Mellicent,Myrilla,Mellicent.Myrilla@yopmail.com,Mellicent.Myrilla@gmail.com,police officer,804
904,Kylynn,Magdalen,Kylynn.Magdalen@yopmail.com,Kylynn.Magdalen@gmail.com,police officer,805
905,Meghann,Deny,Meghann.Deny@yopmail.com,Meghann.Deny@gmail.com,worker,806
906,Marsiella,Greyson,Marsiella.Greyson@yopmail.com,Marsiella.Greyson@gmail.com,doctor,807
907,Vita,Janith,Vita.Janith@yopmail.com,Vita.Janith@gmail.com,police officer,808
908,Christy,Gordon,Christy.Gordon@yopmail.com,Christy.Gordon@gmail.com,worker,809
909,Nollie,Natalia,Nollie.Natalia@yopmail.com,Nollie.Natalia@gmail.com,developer,810
910,Nyssa,Montgomery,Nyssa.Montgomery@yopmail.com,Nyssa.Montgomery@gmail.com,doctor,811
911,Leeanne,Yate,Leeanne.Yate@yopmail.com,Leeanne.Yate@gmail.com,police officer,812
912,Florencia,McLaughlin,Florencia.McLaughlin@yopmail.com,Florencia.McLaughlin@gmail.com,worker,813
913,Sidoney,Wilona,Sidoney.Wilona@yopmail.com,Sidoney.Wilona@gmail.com,worker,814
914,Melodie,Melleta,Melodie.Melleta@yopmail.com,Melodie.Melleta@gmail.com,firefighter,815
915,Georgina,Nedrud,Georgina.Nedrud@yopmail.com,Georgina.Nedrud@gmail.com,developer,816
916,Judy,Goldina,Judy.Goldina@yopmail.com,Judy.Goldina@gmail.com,police officer,817
917,Chrystel,Zeeba,Chrystel.Zeeba@yopmail.com,Chrystel.Zeeba@gmail.com,doctor,818
918,Tomasina,Casimir,Tomasina.Casimir@yopmail.com,Tomasina.Casimir@gmail.com,police officer,819
919,Nicoli,Pozzy,Nicoli.Pozzy@yopmail.com,Nicoli.Pozzy@gmail.com,doctor,820
920,Selma,Llovera,Selma.Llovera@yopmail.com,Selma.Llovera@gmail.com,firefighter,821
921,Evaleen,Erlandson,Evaleen.Erlandson@yopmail.com,Evaleen.Erlandson@gmail.com,developer,822
922,Ketti,Rogerio,Ketti.Rogerio@yopmail.com,Ketti.Rogerio@gmail.com,police officer,823
923,Fidelia,Erich,Fidelia.Erich@yopmail.com,Fidelia.Erich@gmail.com,worker,824
924,Hope,Jena,Hope.Jena@yopmail.com,Hope.Jena@gmail.com,police officer,825
925,Caressa,Georas,Caressa.Georas@yopmail.com,Caressa.Georas@gmail.com,police officer,826
926,Cathyleen,Gino,Cathyleen.Gino@yopmail.com,Cathyleen.Gino@gmail.com,developer,827
927,Sadie,Stefa,Sadie.Stefa@yopmail.com,Sadie.Stefa@gmail.com,worker,828
928,Rani,Calhoun,Rani.Calhoun@yopmail.com,Rani.Calhoun@gmail.com,police officer,829
929,Cyndie,Helve,Cyndie.Helve@yopmail.com,Cyndie.Helve@gmail.com,worker,830
930,Nicoli,Ardra,Nicoli.Ardra@yopmail.com,Nicoli.Ardra@gmail.com,firefighter,831
931,Dotty,Morgun,Dotty.Morgun@yopmail.com,Dotty.Morgun@gmail.com,doctor,832
932,Dorene,Screens,Dorene.Screens@yopmail.com,Dorene.Screens@gmail.com,worker,833
933,Joelly,Olympium,Joelly.Olympium@yopmail.com,Joelly.Olympium@gmail.com,firefighter,834
934,Diena,Shanley,Diena.Shanley@yopmail.com,Diena.Shanley@gmail.com,firefighter,835
935,Brena,Georas,Brena.Georas@yopmail.com,Brena.Georas@gmail.com,worker,836
936,Georgetta,Ardra,Georgetta.Ardra@yopmail.com,Georgetta.Ardra@gmail.com,developer,837
937,Livvyy,Kermit,Livvyy.Kermit@yopmail.com,Livvyy.Kermit@gmail.com,police officer,838
938,Fidelia,Soneson,Fidelia.Soneson@yopmail.com,Fidelia.Soneson@gmail.com,developer,839
939,Addia,Jerald,Addia.Jerald@yopmail.com,Addia.Jerald@gmail.com,developer,840
940,Darci,Land,Darci.Land@yopmail.com,Darci.Land@gmail.com,police officer,841
941,Rhoda,Jeanne,Rhoda.Jeanne@yopmail.com,Rhoda.Jeanne@gmail.com,developer,842
942,Karlee,Emanuel,Karlee.Emanuel@yopmail.com,Karlee.Emanuel@gmail.com,worker,843
943,Frances,Rosette,Frances.Rosette@yopmail.com,Frances.Rosette@gmail.com,police officer,844
944,Lulita,Sawtelle,Lulita.Sawtelle@yopmail.com,Lulita.Sawtelle@gmail.com,doctor,845
945,Georgina,Wilona,Georgina.Wilona@yopmail.com,Georgina.Wilona@gmail.com,worker,846
946,Elmira,Cath,Elmira.Cath@yopmail.com,Elmira.Cath@gmail.com,worker,847
947,Tera,Lissi,Tera.Lissi@yopmail.com,Tera.Lissi@gmail.com,doctor,848
948,Ana,Vittoria,Ana.Vittoria@yopmail.com,Ana.Vittoria@gmail.com,police officer,849
949,Paulita,Dimitris,Paulita.Dimitris@yopmail.com,Paulita.Dimitris@gmail.com,police officer,850
950,Harmonia,Remmer,Harmonia.Remmer@yopmail.com,Harmonia.Remmer@gmail.com,worker,851
951,Aaren,Niles,Aaren.Niles@yopmail.com,Aaren.Niles@gmail.com,police officer,852
952,Carol-Jean,Trinetta,Carol-Jean.Trinetta@yopmail.com,Carol-Jean.Trinetta@gmail.com,doctor,853
953,Fayre,Fink,Fayre.Fink@yopmail.com,Fayre.Fink@gmail.com,police officer,854
954,Rhea,Maryanne,Rhea.Maryanne@yopmail.com,Rhea.Maryanne@gmail.com,worker,855
955,Shaylyn,Capello,Shaylyn.Capello@yopmail.com,Shaylyn.Capello@gmail.com,police officer,856
956,Lexine,Karl,Lexine.Karl@yopmail.com,Lexine.Karl@gmail.com,police officer,857
957,Shaine,Hourigan,Shaine.Hourigan@yopmail.com,Shaine.Hourigan@gmail.com,firefighter,858
958,Gabriellia,Amethist,Gabriellia.Amethist@yopmail.com,Gabriellia.Amethist@gmail.com,police officer,859
959,Mariann,Sallyann,Mariann.Sallyann@yopmail.com,Mariann.Sallyann@gmail.com,police officer,860
960,Gaylene,Carmena,Gaylene.Carmena@yopmail.com,Gaylene.Carmena@gmail.com,doctor,861
961,Elsie,Adalbert,Elsie.Adalbert@yopmail.com,Elsie.Adalbert@gmail.com,worker,862
962,Nananne,Lanita,Nananne.Lanita@yopmail.com,Nananne.Lanita@gmail.com,doctor,863
963,Mamie,Wadell,Mamie.Wadell@yopmail.com,Mamie.Wadell@gmail.com,worker,864
964,Annice,Briney,Annice.Briney@yopmail.com,Annice.Briney@gmail.com,developer,865
965,Joceline,Ball,Joceline.Ball@yopmail.com,Joceline.Ball@gmail.com,developer,866
966,Michaelina,Pascia,Michaelina.Pascia@yopmail.com,Michaelina.Pascia@gmail.com,developer,867
967,Steffane,Jammal,Steffane.Jammal@yopmail.com,Steffane.Jammal@gmail.com,police officer,868
968,Lynea,Carbo,Lynea.Carbo@yopmail.com,Lynea.Carbo@gmail.com,doctor,869
969,Taffy,Ophelia,Taffy.Ophelia@yopmail.com,Taffy.Ophelia@gmail.com,firefighter,870
970,Letizia,Gibbeon,Letizia.Gibbeon@yopmail.com,Letizia.Gibbeon@gmail.com,firefighter,871
971,Raquela,Ciro,Raquela.Ciro@yopmail.com,Raquela.Ciro@gmail.com,police officer,872
972,Lila,Rhu,Lila.Rhu@yopmail.com,Lila.Rhu@gmail.com,developer,873
973,Ruthe,Stoller,Ruthe.Stoller@yopmail.com,Ruthe.Stoller@gmail.com,worker,874
974,Joleen,Masao,Joleen.Masao@yopmail.com,Joleen.Masao@gmail.com,firefighter,875
975,Anica,Brittani,Anica.Brittani@yopmail.com,Anica.Brittani@gmail.com,police officer,876
976,Doralynne,Taima,Doralynne.Taima@yopmail.com,Doralynne.Taima@gmail.com,police officer,877
977,Dione,Grayce,Dione.Grayce@yopmail.com,Dione.Grayce@gmail.com,police officer,878
978,Wileen,Pond,Wileen.Pond@yopmail.com,Wileen.Pond@gmail.com,developer,879
979,Cherrita,Dreda,Cherrita.Dreda@yopmail.com,Cherrita.Dreda@gmail.com,developer,880
980,Tarra,Audly,Tarra.Audly@yopmail.com,Tarra.Audly@gmail.com,doctor,881
981,Jennica,Imelida,Jennica.Imelida@yopmail.com,Jennica.Imelida@gmail.com,firefighter,882
982,Chickie,Olnee,Chickie.Olnee@yopmail.com,Chickie.Olnee@gmail.com,police officer,883
983,Hyacinthe,Kirbee,Hyacinthe.Kirbee@yopmail.com,Hyacinthe.Kirbee@gmail.com,police officer,884
984,Dawn,Rona,Dawn.Rona@yopmail.com,Dawn.Rona@gmail.com,firefighter,885
985,Kirstin,Pernick,Kirstin.Pernick@yopmail.com,Kirstin.Pernick@gmail.com,police officer,886
986,Janis,Fiester,Janis.Fiester@yopmail.com,Janis.Fiester@gmail.com,police officer,887
987,Lorie,Darbie,Lorie.Darbie@yopmail.com,Lorie.Darbie@gmail.com,worker,888
988,Alleen,Saree,Alleen.Saree@yopmail.com,Alleen.Saree@gmail.com,developer,889
989,Roz,Viddah,Roz.Viddah@yopmail.com,Roz.Viddah@gmail.com,doctor,890
990,Lucille,Phaidra,Lucille.Phaidra@yopmail.com,Lucille.Phaidra@gmail.com,worker,891
991,Rhea,Karna,Rhea.Karna@yopmail.com,Rhea.Karna@gmail.com,developer,892
992,Susette,Alfons,Susette.Alfons@yopmail.com,Susette.Alfons@gmail.com,firefighter,893
993,Kittie,Means,Kittie.Means@yopmail.com,Kittie.Means@gmail.com,police officer,894
994,Magdalena,Alrich,Magdalena.Alrich@yopmail.com,Magdalena.Alrich@gmail.com,police officer,895
995,Cyb,Rocray,Cyb.Rocray@yopmail.com,Cyb.Rocray@gmail.com,worker,896
996,Grier,Poppy,Grier.Poppy@yopmail.com,Grier.Poppy@gmail.com,police officer,897
997,Belva,Deny,Belva.Deny@yopmail.com,Belva.Deny@gmail.com,doctor,898
998,Candy,Lea,Candy.Lea@yopmail.com,Candy.Lea@gmail.com,police officer,899
999,Coral,Belanger,Coral.Belanger@yopmail.com,Coral.Belanger@gmail.com,worker,900
1000,Bernardine,Melan,Bernardine.Melan@yopmail.com,Bernardine.Melan@gmail.com,firefighter,901
1001,Sam,Argus,Sam.Argus@yopmail.com,Sam.Argus@gmail.com,firefighter,902
1002,Ingrid,Monaco,Ingrid.Monaco@yopmail.com,Ingrid.Monaco@gmail.com,doctor,903
1003,Merle,Georas,Merle.Georas@yopmail.com,Merle.Georas@gmail.com,firefighter,904
1004,Leanna,Franza,Leanna.Franza@yopmail.com,Leanna.Franza@gmail.com,doctor,905
1005,Taffy,Libna,Taffy.Libna@yopmail.com,Taffy.Libna@gmail.com,worker,906
1006,Cindelyn,Corrine,Cindelyn.Corrine@yopmail.com,Cindelyn.Corrine@gmail.com,worker,907
1007,Berta,Ilka,Berta.Ilka@yopmail.com,Berta.Ilka@gmail.com,firefighter,908
1008,Desirae,Yoko,Desirae.Yoko@yopmail.com,Desirae.Yoko@gmail.com,developer,909
1009,Karolina,Gualtiero,Karolina.Gualtiero@yopmail.com,Karolina.Gualtiero@gmail.com,firefighter,910
1010,Augustine,Hertzfeld,Augustine.Hertzfeld@yopmail.com,Augustine.Hertzfeld@gmail.com,developer,911
1011,Lanna,Kravits,Lanna.Kravits@yopmail.com,Lanna.Kravits@gmail.com,firefighter,912
1012,Lynea,Cavan,Lynea.Cavan@yopmail.com,Lynea.Cavan@gmail.com,developer,913
1013,Lauryn,Loeb,Lauryn.Loeb@yopmail.com,Lauryn.Loeb@gmail.com,developer,914
1014,Ashlee,Uird,Ashlee.Uird@yopmail.com,Ashlee.Uird@gmail.com,worker,915
1015,Kial,Vins,Kial.Vins@yopmail.com,Kial.Vins@gmail.com,police officer,916
1016,Violet,Faust,Violet.Faust@yopmail.com,Violet.Faust@gmail.com,worker,917
1017,Cam,Reinke,Cam.Reinke@yopmail.com,Cam.Reinke@gmail.com,police officer,918
1018,Dorice,Burnside,Dorice.Burnside@yopmail.com,Dorice.Burnside@gmail.com,firefighter,919
1019,Cam,Kosey,Cam.Kosey@yopmail.com,Cam.Kosey@gmail.com,doctor,920
1020,Darlleen,Hutchison,Darlleen.Hutchison@yopmail.com,Darlleen.Hutchison@gmail.com,firefighter,921
1021,Karly,Hepsibah,Karly.Hepsibah@yopmail.com,Karly.Hepsibah@gmail.com,worker,922
1022,Marguerite,Heisel,Marguerite.Heisel@yopmail.com,Marguerite.Heisel@gmail.com,police officer,923
1023,Gianina,McGrody,Gianina.McGrody@yopmail.com,Gianina.McGrody@gmail.com,doctor,924
1024,Corry,Casimir,Corry.Casimir@yopmail.com,Corry.Casimir@gmail.com,police officer,925
1025,Caryl,Teryn,Caryl.Teryn@yopmail.com,Caryl.Teryn@gmail.com,firefighter,926
1026,Harmonia,Mayeda,Harmonia.Mayeda@yopmail.com,Harmonia.Mayeda@gmail.com,worker,927
1027,Alie,Anastatius,Alie.Anastatius@yopmail.com,Alie.Anastatius@gmail.com,doctor,928
1028,Jackie,Vale,Jackie.Vale@yopmail.com,Jackie.Vale@gmail.com,worker,929
1029,Cordi,Bashemeth,Cordi.Bashemeth@yopmail.com,Cordi.Bashemeth@gmail.com,firefighter,930
1030,Deedee,Orelee,Deedee.Orelee@yopmail.com,Deedee.Orelee@gmail.com,developer,931
1031,Carmela,Holbrook,Carmela.Holbrook@yopmail.com,Carmela.Holbrook@gmail.com,worker,932
1032,Mignon,Ader,Mignon.Ader@yopmail.com,Mignon.Ader@gmail.com,worker,933
1033,Vivia,Fillbert,Vivia.Fillbert@yopmail.com,Vivia.Fillbert@gmail.com,worker,934
1034,Dominga,Wittie,Dominga.Wittie@yopmail.com,Dominga.Wittie@gmail.com,worker,935
1035,Zsa Zsa,Gemini,Zsa Zsa.Gemini@yopmail.com,Zsa Zsa.Gemini@gmail.com,developer,936
1036,Lindie,Himelman,Lindie.Himelman@yopmail.com,Lindie.Himelman@gmail.com,police officer,937
1037,Maud,Hertzfeld,Maud.Hertzfeld@yopmail.com,Maud.Hertzfeld@gmail.com,worker,938
1038,Yolane,Bibi,Yolane.Bibi@yopmail.com,Yolane.Bibi@gmail.com,developer,939
1039,Hallie,Goth,Hallie.Goth@yopmail.com,Hallie.Goth@gmail.com,police officer,940
1040,Zsa Zsa,Goth,Zsa Zsa.Goth@yopmail.com,Zsa Zsa.Goth@gmail.com,developer,941
1041,Mathilda,Niccolo,Mathilda.Niccolo@yopmail.com,Mathilda.Niccolo@gmail.com,doctor,942
1042,Kimberley,Arquit,Kimberley.Arquit@yopmail.com,Kimberley.Arquit@gmail.com,worker,943
1043,Kamilah,Abram,Kamilah.Abram@yopmail.com,Kamilah.Abram@gmail.com,worker,944
1044,Lyssa,Rolf,Lyssa.Rolf@yopmail.com,Lyssa.Rolf@gmail.com,doctor,945
1045,Ariela,Leonard,Ariela.Leonard@yopmail.com,Ariela.Leonard@gmail.com,doctor,946
1046,Kathy,Ephrem,Kathy.Ephrem@yopmail.com,Kathy.Ephrem@gmail.com,police officer,947
1047,Caressa,Lareena,Caressa.Lareena@yopmail.com,Caressa.Lareena@gmail.com,developer,948
1048,Brena,Dominy,Brena.Dominy@yopmail.com,Brena.Dominy@gmail.com,developer,949
1049,Sam,Wattenberg,Sam.Wattenberg@yopmail.com,Sam.Wattenberg@gmail.com,police officer,950
1050,Florie,Baptlsta,Florie.Baptlsta@yopmail.com,Florie.Baptlsta@gmail.com,developer,951
1051,Joelly,Sheng,Joelly.Sheng@yopmail.com,Joelly.Sheng@gmail.com,developer,952
1052,Annice,Uund,Annice.Uund@yopmail.com,Annice.Uund@gmail.com,firefighter,953
1053,Lila,Cavan,Lila.Cavan@yopmail.com,Lila.Cavan@gmail.com,police officer,954
1054,Alejandra,Rona,Alejandra.Rona@yopmail.com,Alejandra.Rona@gmail.com,developer,955
1055,Dale,Annabella,Dale.Annabella@yopmail.com,Dale.Annabella@gmail.com,developer,956
1056,Melisent,Konyn,Melisent.Konyn@yopmail.com,Melisent.Konyn@gmail.com,developer,957
1057,Valli,Adlare,Valli.Adlare@yopmail.com,Valli.Adlare@gmail.com,doctor,958
1058,Dorene,Adamsen,Dorene.Adamsen@yopmail.com,Dorene.Adamsen@gmail.com,firefighter,959
1059,Nyssa,Sinegold,Nyssa.Sinegold@yopmail.com,Nyssa.Sinegold@gmail.com,developer,960
1060,Courtnay,Penelopa,Courtnay.Penelopa@yopmail.com,Courtnay.Penelopa@gmail.com,developer,961
1061,Aeriela,Vorster,Aeriela.Vorster@yopmail.com,Aeriela.Vorster@gmail.com,police officer,962
1062,Orelia,Sekofski,Orelia.Sekofski@yopmail.com,Orelia.Sekofski@gmail.com,developer,963
1063,Patricia,Ezar,Patricia.Ezar@yopmail.com,Patricia.Ezar@gmail.com,police officer,964
1064,Tierney,Harned,Tierney.Harned@yopmail.com,Tierney.Harned@gmail.com,doctor,965
1065,Karlee,Jary,Karlee.Jary@yopmail.com,Karlee.Jary@gmail.com,developer,966
1066,Aigneis,Lacombe,Aigneis.Lacombe@yopmail.com,Aigneis.Lacombe@gmail.com,worker,967
1067,Chandra,Merell,Chandra.Merell@yopmail.com,Chandra.Merell@gmail.com,worker,968
1068,Lilith,Eliathas,Lilith.Eliathas@yopmail.com,Lilith.Eliathas@gmail.com,firefighter,969
1069,Marcelline,Pierette,Marcelline.Pierette@yopmail.com,Marcelline.Pierette@gmail.com,police officer,970
1070,Theodora,Joachim,Theodora.Joachim@yopmail.com,Theodora.Joachim@gmail.com,doctor,971
1071,Tina,Brittani,Tina.Brittani@yopmail.com,Tina.Brittani@gmail.com,worker,972
1072,Asia,Vittoria,Asia.Vittoria@yopmail.com,Asia.Vittoria@gmail.com,firefighter,973
1073,Raf,Sidonius,Raf.Sidonius@yopmail.com,Raf.Sidonius@gmail.com,doctor,974
1074,Fayre,Sheng,Fayre.Sheng@yopmail.com,Fayre.Sheng@gmail.com,firefighter,975
1075,Katharina,Seumas,Katharina.Seumas@yopmail.com,Katharina.Seumas@gmail.com,worker,976
1076,Ayn,Dermott,Ayn.Dermott@yopmail.com,Ayn.Dermott@gmail.com,worker,977
1077,Glynnis,Egbert,Glynnis.Egbert@yopmail.com,Glynnis.Egbert@gmail.com,firefighter,978
1078,Concettina,Land,Concettina.Land@yopmail.com,Concettina.Land@gmail.com,developer,979
1079,Brietta,Isidore,Brietta.Isidore@yopmail.com,Brietta.Isidore@gmail.com,worker,980
1080,Marnia,Ehrman,Marnia.Ehrman@yopmail.com,Marnia.Ehrman@gmail.com,developer,981
1081,Goldie,Neils,Goldie.Neils@yopmail.com,Goldie.Neils@gmail.com,worker,982
1082,Barbara,Byrne,Barbara.Byrne@yopmail.com,Barbara.Byrne@gmail.com,doctor,983
1083,Verla,Ardeha,Verla.Ardeha@yopmail.com,Verla.Ardeha@gmail.com,police officer,984
1084,Jaclyn,Gavrila,Jaclyn.Gavrila@yopmail.com,Jaclyn.Gavrila@gmail.com,developer,985
1085,Gertrud,Grosz,Gertrud.Grosz@yopmail.com,Gertrud.Grosz@gmail.com,developer,986
1086,Dode,Minetta,Dode.Minetta@yopmail.com,Dode.Minetta@gmail.com,firefighter,987
1087,Minne,Merell,Minne.Merell@yopmail.com,Minne.Merell@gmail.com,doctor,988
1088,Calla,Dudley,Calla.Dudley@yopmail.com,Calla.Dudley@gmail.com,doctor,989
1089,Estell,Kunin,Estell.Kunin@yopmail.com,Estell.Kunin@gmail.com,doctor,990
1090,Kellen,Means,Kellen.Means@yopmail.com,Kellen.Means@gmail.com,police officer,991
1091,Thalia,Marisa,Thalia.Marisa@yopmail.com,Thalia.Marisa@gmail.com,doctor,992
1092,Caritta,Avi,Caritta.Avi@yopmail.com,Caritta.Avi@gmail.com,doctor,993
1093,Adore,Constancy,Adore.Constancy@yopmail.com,Adore.Constancy@gmail.com,firefighter,994
1094,Sam,Colp,Sam.Colp@yopmail.com,Sam.Colp@gmail.com,police officer,995
1095,Myriam,Allina,Myriam.Allina@yopmail.com,Myriam.Allina@gmail.com,worker,996
1096,Constance,Ries,Constance.Ries@yopmail.com,Constance.Ries@gmail.com,worker,997
1097,Frieda,Stevy,Frieda.Stevy@yopmail.com,Frieda.Stevy@gmail.com,police officer,998
1098,Rori,Brady,Rori.Brady@yopmail.com,Rori.Brady@gmail.com,police officer,999
1099,Candi,Ralfston,Candi.Ralfston@yopmail.com,Candi.Ralfston@gmail.com,firefighter,1000